ISO-10303-21;
HEADER;
FILE_DESCRIPTION (( 'STEP AP214' ),
    '1' );
FILE_NAME ('Rotated Battery Holder.STEP',
    '2026-09-07T15:24:24',
    ( '' ),
    ( '' ),
    'SwSTEP 2.0',
    'SolidWorks 2025',
    '' );
FILE_SCHEMA (( 'AUTOMOTIVE_DESIGN' ));
ENDSEC;

DATA;
#1 = EDGE_CURVE ( 'NONE', #1494, #590, #1667, .T. ) ;
#2 = ORIENTED_EDGE ( 'NONE', *, *, #1354, .T. ) ;
#3 = CARTESIAN_POINT ( 'NONE',  ( -0.03780000000000000027, -0.004499999999999999660, 0.008750000000000000833 ) ) ;
#4 = DIRECTION ( 'NONE',  ( 0.000000000000000000, 0.000000000000000000, 1.000000000000000000 ) ) ;
#5 = DIRECTION ( 'NONE',  ( 1.196361017915039732E-16, -1.000000000000000000, 0.000000000000000000 ) ) ;
#6 = CIRCLE ( 'NONE', #1309, 0.002000000000000001776 ) ;
#7 = ORIENTED_EDGE ( 'NONE', *, *, #794, .F. ) ;
#8 = ORIENTED_EDGE ( 'NONE', *, *, #133, .F. ) ;
#9 = CYLINDRICAL_SURFACE ( 'NONE', #695, 0.005000000000000000104 ) ;
#10 = EDGE_CURVE ( 'NONE', #716, #1901, #1266, .T. ) ;
#11 = EDGE_CURVE ( 'NONE', #890, #958, #1694, .T. ) ;
#12 = EDGE_CURVE ( 'NONE', #1698, #66, #467, .T. ) ;
#13 = VERTEX_POINT ( 'NONE', #169 ) ;
#14 = CARTESIAN_POINT ( 'NONE',  ( -0.03780000000000000027, 0.004499999999999999660, 0.01875000000000000278 ) ) ;
#15 = FACE_OUTER_BOUND ( 'NONE', #1405, .T. ) ;
#16 = CARTESIAN_POINT ( 'NONE',  ( 1.405724196050170031E-18, 0.01025000000000000043, 0.03020000000000000115 ) ) ;
#17 = EDGE_LOOP ( 'NONE', ( #570, #1260, #1188, #1596 ) ) ;
#18 = VECTOR ( 'NONE', #366, 1.000000000000000000 ) ;
#19 = ORIENTED_EDGE ( 'NONE', *, *, #1354, .F. ) ;
#20 = LINE ( 'NONE', #1582, #1176 ) ;
#21 = ADVANCED_FACE ( 'NONE', ( #328 ), #1560, .F. ) ;
#22 = ORIENTED_EDGE ( 'NONE', *, *, #738, .F. ) ;
#23 = ORIENTED_EDGE ( 'NONE', *, *, #294, .T. ) ;
#24 = CARTESIAN_POINT ( 'NONE',  ( -0.03780000000000000027, -0.004499999999999999660, 0.01875000000000000278 ) ) ;
#25 = VECTOR ( 'NONE', #1135, 1.000000000000000000 ) ;
#26 = CARTESIAN_POINT ( 'NONE',  ( 0.03899999999999999994, -0.01099999999999999936, 0.000000000000000000 ) ) ;
#27 = CARTESIAN_POINT ( 'NONE',  ( -0.03899999999999999994, 0.01099999999999999936, 0.000000000000000000 ) ) ;
#28 = DIRECTION ( 'NONE',  ( -1.000000000000000000, 0.000000000000000000, 0.000000000000000000 ) ) ;
#29 = CARTESIAN_POINT ( 'NONE',  ( -0.005000000000000000104, -0.01025000000000000043, 0.02759999999999999953 ) ) ;
#30 = CARTESIAN_POINT ( 'NONE',  ( -0.01600000000000000033, -0.01025000000000000043, 0.01474999999999999922 ) ) ;
#31 = AXIS2_PLACEMENT_3D ( 'NONE', #503, #1287, #1131 ) ;
#32 = EDGE_LOOP ( 'NONE', ( #1269, #1923, #346, #1316 ) ) ;
#33 = ORIENTED_EDGE ( 'NONE', *, *, #1265, .F. ) ;
#34 = CARTESIAN_POINT ( 'NONE',  ( 0.03899999999999999994, 0.01299999999999999940, 0.02500000000000000139 ) ) ;
#35 = CARTESIAN_POINT ( 'NONE',  ( 0.03780000000000000027, 0.005499999999999999681, 0.02500000000000000139 ) ) ;
#36 = EDGE_CURVE ( 'NONE', #778, #737, #385, .T. ) ;
#37 = LINE ( 'NONE', #655, #1370 ) ;
#38 = DIRECTION ( 'NONE',  ( 1.196361017915039732E-16, -1.000000000000000000, 0.000000000000000000 ) ) ;
#39 = DIRECTION ( 'NONE',  ( -1.000000000000000000, 0.000000000000000000, 0.000000000000000000 ) ) ;
#40 = AXIS2_PLACEMENT_3D ( 'NONE', #1620, #1012, #238 ) ;
#41 = ORIENTED_EDGE ( 'NONE', *, *, #1371, .F. ) ;
#42 = VECTOR ( 'NONE', #1619, 1.000000000000000000 ) ;
#43 = ORIENTED_EDGE ( 'NONE', *, *, #10, .F. ) ;
#44 = ORIENTED_EDGE ( 'NONE', *, *, #992, .F. ) ;
#45 = VECTOR ( 'NONE', #354, 1.000000000000000000 ) ;
#46 = DIRECTION ( 'NONE',  ( 1.000000000000000000, 0.000000000000000000, 0.000000000000000000 ) ) ;
#47 = EDGE_CURVE ( 'NONE', #1390, #842, #367, .T. ) ;
#48 = SHAPE_REPRESENTATION_RELATIONSHIP ( 'NONE' , 'NONE' ,  #972, #1113 ) ;
#49 = FACE_OUTER_BOUND ( 'NONE', #1878, .T. ) ;
#50 = PLANE ( 'NONE',  #113 ) ;
#51 = VECTOR ( 'NONE', #1690, 1.000000000000000000 ) ;
#52 = CARTESIAN_POINT ( 'NONE',  ( 0.000000000000000000, 0.000000000000000000, 0.01875000000000000278 ) ) ;
#53 = CARTESIAN_POINT ( 'NONE',  ( 0.02000000000000000042, -9.950255243072231202E-20, 0.01474999999999999922 ) ) ;
#54 = VERTEX_POINT ( 'NONE', #1010 ) ;
#55 = CIRCLE ( 'NONE', #832, 0.002000000000000001776 ) ;
#56 = VERTEX_POINT ( 'NONE', #999 ) ;
#57 = CARTESIAN_POINT ( 'NONE',  ( 0.03699999999999999817, 0.004499999999999999660, 0.008750000000000000833 ) ) ;
#58 = DIRECTION ( 'NONE',  ( -0.000000000000000000, 1.000000000000000000, 0.000000000000000000 ) ) ;
#59 = CARTESIAN_POINT ( 'NONE',  ( -0.03899999999999999994, -0.01299999999999999940, 0.02500000000000000139 ) ) ;
#60 = CARTESIAN_POINT ( 'NONE',  ( 0.03780000000000000027, -0.004499999999999999660, 0.01875000000000000278 ) ) ;
#61 = CARTESIAN_POINT ( 'NONE',  ( -0.03899999999999999994, 0.006499999999999999702, 0.008750000000000000833 ) ) ;
#62 = AXIS2_PLACEMENT_3D ( 'NONE', #872, #1613, #1147 ) ;
#63 = VECTOR ( 'NONE', #1968, 1.000000000000000000 ) ;
#64 = CARTESIAN_POINT ( 'NONE',  ( -0.03780000000000000027, 0.004499999999999999660, 0.01875000000000000278 ) ) ;
#65 = VERTEX_POINT ( 'NONE', #1311 ) ;
#66 = VERTEX_POINT ( 'NONE', #59 ) ;
#67 = EDGE_CURVE ( 'NONE', #717, #195, #1133, .T. ) ;
#68 = CARTESIAN_POINT ( 'NONE',  ( -0.005000000000000000104, 0.01025000000000000043, 0.03020000000000000115 ) ) ;
#69 = VECTOR ( 'NONE', #564, 1.000000000000000000 ) ;
#70 = LINE ( 'NONE', #1319, #948 ) ;
#71 = CARTESIAN_POINT ( 'NONE',  ( 0.04100000000000000172, 0.000000000000000000, 0.01474999999999999922 ) ) ;
#72 = DIRECTION ( 'NONE',  ( -1.000000000000000000, -1.196361017915039732E-16, 0.000000000000000000 ) ) ;
#73 = LINE ( 'NONE', #1493, #452 ) ;
#74 = ORIENTED_EDGE ( 'NONE', *, *, #945, .F. ) ;
#75 = VERTEX_POINT ( 'NONE', #542 ) ;
#76 = EDGE_CURVE ( 'NONE', #1342, #253, #6, .T. ) ;
#77 = ORIENTED_EDGE ( 'NONE', *, *, #1273, .T. ) ;
#78 = AXIS2_PLACEMENT_3D ( 'NONE', #1982, #1053, #881 ) ;
#79 = EDGE_CURVE ( 'NONE', #930, #604, #70, .T. ) ;
#80 = ADVANCED_FACE ( 'NONE', ( #666 ), #829, .T. ) ;
#81 = CARTESIAN_POINT ( 'NONE',  ( -0.01600000000000000033, -1.990051048614450092E-19, 0.004499999999999999660 ) ) ;
#82 = DIRECTION ( 'NONE',  ( 0.000000000000000000, 1.000000000000000000, 0.000000000000000000 ) ) ;
#83 = DIRECTION ( 'NONE',  ( 1.196361017915039732E-16, -1.000000000000000000, 0.000000000000000000 ) ) ;
#84 = PLANE ( 'NONE',  #90 ) ;
#85 = LINE ( 'NONE', #1650, #265 ) ;
#86 = EDGE_CURVE ( 'NONE', #342, #1378, #837, .T. ) ;
#87 = ORIENTED_EDGE ( 'NONE', *, *, #1853, .T. ) ;
#88 = VERTEX_POINT ( 'NONE', #1609 ) ;
#89 = VERTEX_POINT ( 'NONE', #1290 ) ;
#90 = AXIS2_PLACEMENT_3D ( 'NONE', #1634, #555, #1166 ) ;
#91 = CARTESIAN_POINT ( 'NONE',  ( -0.03899999999999999994, 0.006499999999999999702, 0.02500000000000000139 ) ) ;
#92 = PLANE ( 'NONE',  #1015 ) ;
#93 = PLANE ( 'NONE',  #40 ) ;
#94 = CARTESIAN_POINT ( 'NONE',  ( 1.734723475976799968E-18, 0.01299999999999999940, 0.03020000000000000115 ) ) ;
#95 = DIRECTION ( 'NONE',  ( -1.000000000000000000, 0.000000000000000000, 0.000000000000000000 ) ) ;
#96 = VECTOR ( 'NONE', #1681, 1.000000000000000000 ) ;
#97 =( NAMED_UNIT ( * ) PLANE_ANGLE_UNIT ( ) SI_UNIT ( $, .RADIAN. ) );
#98 = ORIENTED_EDGE ( 'NONE', *, *, #1507, .T. ) ;
#99 = ORIENTED_EDGE ( 'NONE', *, *, #223, .T. ) ;
#100 = ORIENTED_EDGE ( 'NONE', *, *, #1497, .F. ) ;
#101 = ORIENTED_EDGE ( 'NONE', *, *, #892, .T. ) ;
#102 = FACE_OUTER_BOUND ( 'NONE', #1958, .T. ) ;
#103 = CIRCLE ( 'NONE', #1492, 0.002200000000000000133 ) ;
#104 = CARTESIAN_POINT ( 'NONE',  ( 0.03740000000000000269, -0.004499999999999999660, 0.02500000000000000139 ) ) ;
#105 = CARTESIAN_POINT ( 'NONE',  ( 1.554027579977079984E-18, 0.01148962066388090064, 0.03020000000000000115 ) ) ;
#106 = CARTESIAN_POINT ( 'NONE',  ( -0.02000000000000000042, 0.000000000000000000, 0.01474999999999999922 ) ) ;
#107 = EDGE_CURVE ( 'NONE', #604, #450, #1906, .T. ) ;
#108 = VERTEX_POINT ( 'NONE', #1144 ) ;
#109 = LINE ( 'NONE', #1930, #806 ) ;
#110 = ORIENTED_EDGE ( 'NONE', *, *, #1308, .T. ) ;
#111 = ORIENTED_EDGE ( 'NONE', *, *, #592, .T. ) ;
#112 = ORIENTED_EDGE ( 'NONE', *, *, #552, .F. ) ;
#113 = AXIS2_PLACEMENT_3D ( 'NONE', #377, #1459, #1927 ) ;
#114 = CIRCLE ( 'NONE', #243, 0.001500000000000000031 ) ;
#115 = VERTEX_POINT ( 'NONE', #1763 ) ;
#116 = DIRECTION ( 'NONE',  ( 1.196361017915039732E-16, 1.000000000000000000, 0.000000000000000000 ) ) ;
#117 = ADVANCED_FACE ( 'NONE', ( #220 ), #50, .F. ) ;
#118 = DIRECTION ( 'NONE',  ( 1.196361017915039732E-16, -1.000000000000000000, 0.000000000000000000 ) ) ;
#119 = DIRECTION ( 'NONE',  ( 1.000000000000000000, 0.000000000000000000, 0.000000000000000000 ) ) ;
#120 = LINE ( 'NONE', #1027, #1738 ) ;
#121 =( REPRESENTATION_RELATIONSHIP ('NONE','NONE', #691, #972 ) REPRESENTATION_RELATIONSHIP_WITH_TRANSFORMATION ( #509 )SHAPE_REPRESENTATION_RELATIONSHIP( ) );
#122 = ORIENTED_EDGE ( 'NONE', *, *, #1607, .T. ) ;
#123 = DIRECTION ( 'NONE',  ( -0.000000000000000000, 0.000000000000000000, 1.000000000000000000 ) ) ;
#124 = ORIENTED_EDGE ( 'NONE', *, *, #1672, .F. ) ;
#125 = ORIENTED_EDGE ( 'NONE', *, *, #826, .T. ) ;
#126 = CARTESIAN_POINT ( 'NONE',  ( -0.005000000000000000104, -0.01025000000000000043, 0.02500000000000000139 ) ) ;
#127 = CARTESIAN_POINT ( 'NONE',  ( 1.405724196050170031E-18, 0.01025000000000000043, 0.03020000000000000115 ) ) ;
#128 = LINE ( 'NONE', #1479, #1119 ) ;
#129 = VECTOR ( 'NONE', #1350, 1.000000000000000000 ) ;
#130 = ORIENTED_EDGE ( 'NONE', *, *, #1125, .F. ) ;
#131 = DIRECTION ( 'NONE',  ( 1.000000000000000000, 0.000000000000000000, 0.000000000000000000 ) ) ;
#132 = VECTOR ( 'NONE', #1314, 1.000000000000000000 ) ;
#133 = EDGE_CURVE ( 'NONE', #871, #1921, #989, .T. ) ;
#134 = PRODUCT_DEFINITION_SHAPE ( 'NONE', 'NONE',  #2006 ) ;
#135 = AXIS2_PLACEMENT_3D ( 'NONE', #1263, #4, #1881 ) ;
#136 = CARTESIAN_POINT ( 'NONE',  ( 0.03780000000000000027, -0.006499999999999999702, 0.008750000000000000833 ) ) ;
#137 = PLANE ( 'NONE',  #1911 ) ;
#138 = CARTESIAN_POINT ( 'NONE',  ( -0.03740000000000000269, -0.004499999999999999660, 0.008750000000000000833 ) ) ;
#139 = VERTEX_POINT ( 'NONE', #394 ) ;
#140 = PLANE ( 'NONE',  #424 ) ;
#141 = EDGE_CURVE ( 'NONE', #978, #1456, #506, .T. ) ;
#142 = ORIENTED_EDGE ( 'NONE', *, *, #1787, .T. ) ;
#143 = EDGE_CURVE ( 'NONE', #200, #510, #1154, .T. ) ;
#144 = EDGE_CURVE ( 'NONE', #390, #778, #1602, .T. ) ;
#145 = CARTESIAN_POINT ( 'NONE',  ( -0.01600000000000000033, 0.005125000000000000215, 0.004499999999999999660 ) ) ;
#146 = AXIS2_PLACEMENT_3D ( 'NONE', #1070, #305, #119 ) ;
#147 = LINE ( 'NONE', #747, #1359 ) ;
#148 = DIRECTION ( 'NONE',  ( 0.000000000000000000, 0.000000000000000000, 1.000000000000000000 ) ) ;
#149 = VECTOR ( 'NONE', #1328, 1.000000000000000000 ) ;
#150 = ORIENTED_EDGE ( 'NONE', *, *, #1697, .T. ) ;
#151 = VECTOR ( 'NONE', #1942, 1.000000000000000000 ) ;
#152 = DIRECTION ( 'NONE',  ( 0.000000000000000000, 1.000000000000000000, 0.000000000000000000 ) ) ;
#153 = PRODUCT_DEFINITION ( 'UNKNOWN', '', #1389, #1544 ) ;
#154 = ORIENTED_EDGE ( 'NONE', *, *, #861, .T. ) ;
#155 = VECTOR ( 'NONE', #662, 1.000000000000000000 ) ;
#156 = CARTESIAN_POINT ( 'NONE',  ( 0.03780000000000000027, 0.006499999999999999702, 0.008750000000000000833 ) ) ;
#157 = CIRCLE ( 'NONE', #1024, 0.002200000000000000133 ) ;
#158 = DIRECTION ( 'NONE',  ( 0.000000000000000000, 0.000000000000000000, 1.000000000000000000 ) ) ;
#159 = PLANE ( 'NONE',  #614 ) ;
#160 = EDGE_LOOP ( 'NONE', ( #1073, #1067 ) ) ;
#161 = ORIENTED_EDGE ( 'NONE', *, *, #1278, .F. ) ;
#162 = DIRECTION ( 'NONE',  ( 0.000000000000000000, -1.000000000000000000, 0.000000000000000000 ) ) ;
#163 = ORIENTED_EDGE ( 'NONE', *, *, #1516, .T. ) ;
#164 = PLANE ( 'NONE',  #1044 ) ;
#165 = VECTOR ( 'NONE', #1352, 1.000000000000000000 ) ;
#166 = FACE_OUTER_BOUND ( 'NONE', #1351, .T. ) ;
#167 = CARTESIAN_POINT ( 'NONE',  ( -0.005000000000000000104, 0.01025000000000000043, 0.02759999999999999953 ) ) ;
#168 = ORIENTED_EDGE ( 'NONE', *, *, #844, .F. ) ;
#169 = CARTESIAN_POINT ( 'NONE',  ( 0.02000000000000000042, 0.01025000000000000043, 0.004499999999999999660 ) ) ;
#170 = EDGE_CURVE ( 'NONE', #115, #65, #236, .T. ) ;
#171 = DIRECTION ( 'NONE',  ( -1.000000000000000000, 0.000000000000000000, 0.000000000000000000 ) ) ;
#172 = EDGE_CURVE ( 'NONE', #332, #181, #37, .T. ) ;
#173 = VECTOR ( 'NONE', #116, 1.000000000000000000 ) ;
#174 = ORIENTED_EDGE ( 'NONE', *, *, #443, .T. ) ;
#175 = CARTESIAN_POINT ( 'NONE',  ( 0.005000000000000000104, 0.01025000000000000043, 0.03020000000000000115 ) ) ;
#176 = DIRECTION ( 'NONE',  ( 0.000000000000000000, -1.000000000000000000, 0.000000000000000000 ) ) ;
#177 = EDGE_CURVE ( 'NONE', #1208, #1138, #1630, .T. ) ;
#178 = CARTESIAN_POINT ( 'NONE',  ( 0.005000000000000000104, -0.01025000000000000043, 0.03020000000000000115 ) ) ;
#179 = AXIS2_PLACEMENT_3D ( 'NONE', #801, #941, #961 ) ;
#180 = VECTOR ( 'NONE', #158, 1.000000000000000000 ) ;
#181 = VERTEX_POINT ( 'NONE', #1807 ) ;
#182 = ORIENTED_EDGE ( 'NONE', *, *, #1152, .F. ) ;
#183 = DIRECTION ( 'NONE',  ( -1.000000000000000000, -1.196361017915039732E-16, 0.000000000000000000 ) ) ;
#184 = ORIENTED_EDGE ( 'NONE', *, *, #1601, .T. ) ;
#185 = ORIENTED_EDGE ( 'NONE', *, *, #133, .T. ) ;
#186 = DIRECTION ( 'NONE',  ( 1.000000000000000000, 0.000000000000000000, 0.000000000000000000 ) ) ;
#187 = CARTESIAN_POINT ( 'NONE',  ( -0.04100000000000000172, -0.01099999999999999936, -0.006499999999999999702 ) ) ;
#188 = LINE ( 'NONE', #1580, #1190 ) ;
#189 = ORIENTED_EDGE ( 'NONE', *, *, #1152, .T. ) ;
#190 = VECTOR ( 'NONE', #334, 1.000000000000000000 ) ;
#191 = ORIENTED_EDGE ( 'NONE', *, *, #1626, .F. ) ;
#192 = LINE ( 'NONE', #348, #1034 ) ;
#193 = CARTESIAN_POINT ( 'NONE',  ( 0.6777334250122937220, 0.8629265410764445088, 1.297816505571450563 ) ) ;
#194 = ORIENTED_EDGE ( 'NONE', *, *, #584, .F. ) ;
#195 = VERTEX_POINT ( 'NONE', #565 ) ;
#196 = EDGE_CURVE ( 'NONE', #1091, #462, #1888, .T. ) ;
#197 = VECTOR ( 'NONE', #152, 1.000000000000000000 ) ;
#198 = FACE_OUTER_BOUND ( 'NONE', #1799, .T. ) ;
#199 = LINE ( 'NONE', #665, #1448 ) ;
#200 = VERTEX_POINT ( 'NONE', #1488 ) ;
#201 = CARTESIAN_POINT ( 'NONE',  ( 0.02000000000000000042, -1.990051048614450092E-19, 0.004499999999999999660 ) ) ;
#202 = PLANE ( 'NONE',  #541 ) ;
#203 = DIRECTION ( 'NONE',  ( 1.000000000000000000, 0.000000000000000000, 0.000000000000000000 ) ) ;
#204 = EDGE_CURVE ( 'NONE', #1854, #1862, #1646, .T. ) ;
#205 = ORIENTED_EDGE ( 'NONE', *, *, #1676, .F. ) ;
#206 = VERTEX_POINT ( 'NONE', #1173 ) ;
#207 = CARTESIAN_POINT ( 'NONE',  ( 0.004000000000000001818, 0.01299999999999999940, 0.03020000000000000115 ) ) ;
#208 = ADVANCED_FACE ( 'NONE', ( #1184, #1795 ), #92, .F. ) ;
#209 = PLANE ( 'NONE',  #1617 ) ;
#210 = LINE ( 'NONE', #35, #1408 ) ;
#211 = DIRECTION ( 'NONE',  ( 0.000000000000000000, 0.000000000000000000, 1.000000000000000000 ) ) ;
#212 = CARTESIAN_POINT ( 'NONE',  ( -0.02000000000000000042, 0.000000000000000000, 0.01474999999999999922 ) ) ;
#213 = LINE ( 'NONE', #30, #1956 ) ;
#214 = ORIENTED_EDGE ( 'NONE', *, *, #47, .T. ) ;
#215 = ORIENTED_EDGE ( 'NONE', *, *, #1786, .F. ) ;
#216 = PRODUCT_DEFINITION ( 'UNKNOWN', '', #680, #813 ) ;
#217 = VECTOR ( 'NONE', #1262, 1.000000000000000000 ) ;
#218 = LINE ( 'NONE', #1578, #1344 ) ;
#219 = DIRECTION ( 'NONE',  ( 0.000000000000000000, 0.000000000000000000, -1.000000000000000000 ) ) ;
#220 = FACE_OUTER_BOUND ( 'NONE', #1541, .T. ) ;
#221 = CARTESIAN_POINT ( 'NONE',  ( -0.005000000000000000104, -0.01299999999999999940, 0.02500000000000000139 ) ) ;
#222 = LINE ( 'NONE', #1112, #1019 ) ;
#223 = EDGE_CURVE ( 'NONE', #1247, #814, #271, .T. ) ;
#224 = EDGE_LOOP ( 'NONE', ( #995, #1367 ) ) ;
#225 = ORIENTED_EDGE ( 'NONE', *, *, #566, .F. ) ;
#226 = FACE_OUTER_BOUND ( 'NONE', #793, .T. ) ;
#227 = DIRECTION ( 'NONE',  ( 0.000000000000000000, -1.000000000000000000, 0.000000000000000000 ) ) ;
#228 = CARTESIAN_POINT ( 'NONE',  ( 0.005000000000000000104, 0.01025000000000000043, 0.02759999999999999953 ) ) ;
#229 = CYLINDRICAL_SURFACE ( 'NONE', #932, 0.001500000000000001332 ) ;
#230 = EDGE_CURVE ( 'NONE', #1236, #233, #1196, .T. ) ;
#231 = VECTOR ( 'NONE', #1730, 1.000000000000000000 ) ;
#232 = LINE ( 'NONE', #1005, #1258 ) ;
#233 = VERTEX_POINT ( 'NONE', #419 ) ;
#234 = ORIENTED_EDGE ( 'NONE', *, *, #1817, .F. ) ;
#235 = CARTESIAN_POINT ( 'NONE',  ( 1.554027579977079984E-18, 0.01148962066388090064, 0.03020000000000000115 ) ) ;
#236 = LINE ( 'NONE', #246, #1108 ) ;
#237 = EDGE_CURVE ( 'NONE', #139, #1457, #1192, .T. ) ;
#238 = DIRECTION ( 'NONE',  ( 0.000000000000000000, 0.000000000000000000, 1.000000000000000000 ) ) ;
#239 = DIRECTION ( 'NONE',  ( -0.000000000000000000, 1.000000000000000000, 0.000000000000000000 ) ) ;
#240 = CARTESIAN_POINT ( 'NONE',  ( 0.005000000000000000104, 0.01025000000000000043, 0.02500000000000000139 ) ) ;
#241 = VERTEX_POINT ( 'NONE', #868 ) ;
#242 = ORIENTED_EDGE ( 'NONE', *, *, #921, .T. ) ;
#243 = AXIS2_PLACEMENT_3D ( 'NONE', #71, #702, #1174 ) ;
#244 = PRODUCT ( 'Battery Holder', 'Battery Holder', '', ( #1573 ) ) ;
#245 = CARTESIAN_POINT ( 'NONE',  ( 0.03699999999999999817, 0.000000000000000000, 0.004499999999999999660 ) ) ;
#246 = CARTESIAN_POINT ( 'NONE',  ( 0.02000000000000000042, -0.01025000000000000043, 0.01474999999999999922 ) ) ;
#247 = CARTESIAN_POINT ( 'NONE',  ( -0.02000000000000000042, 0.01025000000000000043, 0.01474999999999999922 ) ) ;
#248 = CARTESIAN_POINT ( 'NONE',  ( 0.03899999999999999994, 0.01299999999999999940, 0.000000000000000000 ) ) ;
#249 = AXIS2_PLACEMENT_3D ( 'NONE', #1243, #472, #1086 ) ;
#250 = DIRECTION ( 'NONE',  ( 1.000000000000000000, 0.000000000000000000, 0.000000000000000000 ) ) ;
#251 = AXIS2_PLACEMENT_3D ( 'NONE', #1100, #1702, #148 ) ;
#252 = DIRECTION ( 'NONE',  ( 0.7660444431189783465, 0.6427876096865390299, 9.381338752702733246E-17 ) ) ;
#253 = VERTEX_POINT ( 'NONE', #1035 ) ;
#254 = EDGE_LOOP ( 'NONE', ( #1193, #142 ) ) ;
#255 = VERTEX_POINT ( 'NONE', #1967 ) ;
#256 = AXIS2_PLACEMENT_3D ( 'NONE', #1670, #732, #1785 ) ;
#257 = EDGE_CURVE ( 'NONE', #255, #13, #1658, .T. ) ;
#258 = DIRECTION ( 'NONE',  ( 1.000000000000000000, 0.000000000000000000, 0.000000000000000000 ) ) ;
#259 = DIRECTION ( 'NONE',  ( 1.000000000000000000, 0.000000000000000000, 0.000000000000000000 ) ) ;
#260 = DIRECTION ( 'NONE',  ( -1.000000000000000000, 0.000000000000000000, 0.000000000000000000 ) ) ;
#261 = DIRECTION ( 'NONE',  ( -1.000000000000000000, 0.000000000000000000, 0.000000000000000000 ) ) ;
#262 = APPLICATION_CONTEXT ( 'automotive_design' ) ;
#263 = ORIENTED_EDGE ( 'NONE', *, *, #951, .F. ) ;
#264 = CARTESIAN_POINT ( 'NONE',  ( 0.04739999999999999769, 0.000000000000000000, 0.01474999999999999922 ) ) ;
#265 = VECTOR ( 'NONE', #704, 1.000000000000000000 ) ;
#266 = ORIENTED_EDGE ( 'NONE', *, *, #1546, .T. ) ;
#267 = ORIENTED_EDGE ( 'NONE', *, *, #172, .T. ) ;
#268 = EDGE_CURVE ( 'NONE', #590, #1208, #856, .T. ) ;
#269 = ORIENTED_EDGE ( 'NONE', *, *, #1836, .T. ) ;
#270 = CARTESIAN_POINT ( 'NONE',  ( -0.03699999999999999817, -0.01025000000000000043, 0.02500000000000000139 ) ) ;
#271 = LINE ( 'NONE', #104, #149 ) ;
#272 = DIRECTION ( 'NONE',  ( 0.000000000000000000, 0.000000000000000000, 1.000000000000000000 ) ) ;
#273 = CARTESIAN_POINT ( 'NONE',  ( -0.03899999999999999994, 0.01299999999999999940, 0.000000000000000000 ) ) ;
#274 = AXIS2_PLACEMENT_3D ( 'NONE', #1022, #1946, #740 ) ;
#275 = ORIENTED_EDGE ( 'NONE', *, *, #1032, .F. ) ;
#276 = CARTESIAN_POINT ( 'NONE',  ( 0.01600000000000000033, -9.950255243072231202E-20, 0.01474999999999999922 ) ) ;
#277 = ORIENTED_EDGE ( 'NONE', *, *, #295, .F. ) ;
#278 = VECTOR ( 'NONE', #484, 1.000000000000000000 ) ;
#279 = EDGE_CURVE ( 'NONE', #474, #200, #1798, .T. ) ;
#280 = ORIENTED_EDGE ( 'NONE', *, *, #640, .T. ) ;
#281 = CARTESIAN_POINT ( 'NONE',  ( -0.005000000000000000104, -0.01025000000000000043, 0.02500000000000000139 ) ) ;
#282 = LINE ( 'NONE', #1036, #180 ) ;
#283 = DIRECTION ( 'NONE',  ( -0.7660444431189781245, 0.6427876096865392519, 0.000000000000000000 ) ) ;
#284 = PRODUCT_DEFINITION_SHAPE ( 'NONE', 'NONE',  #216 ) ;
#285 = ORIENTED_EDGE ( 'NONE', *, *, #1723, .T. ) ;
#286 = CARTESIAN_POINT ( 'NONE',  ( 0.005000000000000000104, -0.01025000000000000043, 0.02759999999999999953 ) ) ;
#287 = EDGE_CURVE ( 'NONE', #1410, #75, #1047, .T. ) ;
#288 = CIRCLE ( 'NONE', #1769, 0.002000000000000001776 ) ;
#289 = DIRECTION ( 'NONE',  ( 0.000000000000000000, 0.000000000000000000, 1.000000000000000000 ) ) ;
#290 = CARTESIAN_POINT ( 'NONE',  ( -0.03699999999999999817, -0.01025000000000000043, 0.004499999999999999660 ) ) ;
#291 = CARTESIAN_POINT ( 'NONE',  ( 1.405724196050170031E-18, 0.01025000000000000043, 0.03020000000000000115 ) ) ;
#292 = ORIENTED_EDGE ( 'NONE', *, *, #630, .F. ) ;
#293 = LINE ( 'NONE', #591, #1910 ) ;
#294 = EDGE_CURVE ( 'NONE', #1494, #1138, #858, .T. ) ;
#295 = EDGE_CURVE ( 'NONE', #88, #672, #1358, .T. ) ;
#296 = VECTOR ( 'NONE', #741, 1.000000000000000000 ) ;
#297 = DIRECTION ( 'NONE',  ( 0.000000000000000000, 0.000000000000000000, -1.000000000000000000 ) ) ;
#298 = CARTESIAN_POINT ( 'NONE',  ( 0.03780000000000000027, -0.005499999999999999681, 0.008750000000000000833 ) ) ;
#299 = DIRECTION ( 'NONE',  ( 0.000000000000000000, -1.000000000000000000, 0.000000000000000000 ) ) ;
#300 = EDGE_CURVE ( 'NONE', #1913, #462, #120, .T. ) ;
#301 = EDGE_LOOP ( 'NONE', ( #361, #1552, #184, #124 ) ) ;
#302 = CARTESIAN_POINT ( 'NONE',  ( -0.02000000000000000042, 0.005125000000000000215, 0.004499999999999999660 ) ) ;
#303 = ORIENTED_EDGE ( 'NONE', *, *, #268, .T. ) ;
#304 = CARTESIAN_POINT ( 'NONE',  ( 0.002200000000000001434, 0.01025000000000000043, 0.03020000000000000115 ) ) ;
#305 = DIRECTION ( 'NONE',  ( 0.000000000000000000, 0.000000000000000000, 1.000000000000000000 ) ) ;
#306 = CARTESIAN_POINT ( 'NONE',  ( -0.003999999999999997481, 0.01299999999999999940, 0.03020000000000000115 ) ) ;
#307 = ORIENTED_EDGE ( 'NONE', *, *, #883, .T. ) ;
#308 = CARTESIAN_POINT ( 'NONE',  ( -0.03780000000000000027, 0.004499999999999999660, 0.01875000000000000278 ) ) ;
#309 = AXIS2_PLACEMENT_3D ( 'NONE', #629, #1106, #1252 ) ;
#310 = CARTESIAN_POINT ( 'NONE',  ( 0.03780000000000000027, 0.004499999999999999660, 0.01875000000000000278 ) ) ;
#311 = ORIENTED_EDGE ( 'NONE', *, *, #1004, .T. ) ;
#312 = CIRCLE ( 'NONE', #410, 0.01025000000000000043 ) ;
#313 = CARTESIAN_POINT ( 'NONE',  ( -0.01600000000000000033, -9.950255243072231202E-20, 0.01474999999999999922 ) ) ;
#314 = EDGE_CURVE ( 'NONE', #953, #717, #1186, .T. ) ;
#315 = ADVANCED_FACE ( 'NONE', ( #579 ), #544, .F. ) ;
#316 = DIRECTION ( 'NONE',  ( 0.000000000000000000, 0.000000000000000000, -1.000000000000000000 ) ) ;
#317 = DIRECTION ( 'NONE',  ( 0.000000000000000000, 0.000000000000000000, 1.000000000000000000 ) ) ;
#318 = AXIS2_PLACEMENT_3D ( 'NONE', #1882, #1732, #1926 ) ;
#319 = EDGE_LOOP ( 'NONE', ( #112, #1625, #1637, #1149 ) ) ;
#320 = DIRECTION ( 'NONE',  ( -1.000000000000000000, -1.196361017915039732E-16, 0.000000000000000000 ) ) ;
#321 = DIRECTION ( 'NONE',  ( 0.000000000000000000, 0.000000000000000000, 1.000000000000000000 ) ) ;
#322 = ORIENTED_EDGE ( 'NONE', *, *, #1671, .T. ) ;
#323 = ADVANCED_FACE ( 'NONE', ( #421 ), #1198, .T. ) ;
#324 = CARTESIAN_POINT ( 'NONE',  ( 0.01600000000000000033, -9.950255243072231202E-20, 0.01474999999999999922 ) ) ;
#325 = CYLINDRICAL_SURFACE ( 'NONE', #998, 0.002200000000000000133 ) ;
#326 = CARTESIAN_POINT ( 'NONE',  ( 0.005000000000000000104, 0.01299999999999999940, 0.02759999999999999953 ) ) ;
#327 = VERTEX_POINT ( 'NONE', #248 ) ;
#328 = FACE_OUTER_BOUND ( 'NONE', #301, .T. ) ;
#329 = DIRECTION ( 'NONE',  ( -1.000000000000000000, 0.000000000000000000, 0.000000000000000000 ) ) ;
#330 = AXIS2_PLACEMENT_3D ( 'NONE', #1770, #258, #865 ) ;
#331 = VERTEX_POINT ( 'NONE', #273 ) ;
#332 = VERTEX_POINT ( 'NONE', #1471 ) ;
#333 =( LENGTH_UNIT ( ) NAMED_UNIT ( * ) SI_UNIT ( $, .METRE. ) );
#334 = DIRECTION ( 'NONE',  ( 1.196361017915039732E-16, 1.000000000000000000, 0.000000000000000000 ) ) ;
#335 = VECTOR ( 'NONE', #656, 1.000000000000000000 ) ;
#336 = ORIENTED_EDGE ( 'NONE', *, *, #1970, .T. ) ;
#337 = ORIENTED_EDGE ( 'NONE', *, *, #1836, .F. ) ;
#338 = DIRECTION ( 'NONE',  ( 0.000000000000000000, 0.000000000000000000, -1.000000000000000000 ) ) ;
#339 = EDGE_CURVE ( 'NONE', #1139, #1721, #894, .T. ) ;
#340 = DIRECTION ( 'NONE',  ( 0.000000000000000000, 1.000000000000000000, 1.047444401652940007E-14 ) ) ;
#341 = VERTEX_POINT ( 'NONE', #1820 ) ;
#342 = VERTEX_POINT ( 'NONE', #1321 ) ;
#343 = SURFACE_STYLE_FILL_AREA ( #478 ) ;
#344 = CARTESIAN_POINT ( 'NONE',  ( -0.03699999999999999817, 0.01025000000000000043, 0.004499999999999999660 ) ) ;
#345 = LINE ( 'NONE', #68, #190 ) ;
#346 = ORIENTED_EDGE ( 'NONE', *, *, #300, .T. ) ;
#347 = EDGE_CURVE ( 'NONE', #1721, #1236, #128, .T. ) ;
#348 = CARTESIAN_POINT ( 'NONE',  ( 0.000000000000000000, 0.01299999999999999940, 0.02500000000000000139 ) ) ;
#349 = CARTESIAN_POINT ( 'NONE',  ( -0.01600000000000000033, 0.01025000000000000043, 0.01474999999999999922 ) ) ;
#350 = AXIS2_PLACEMENT_3D ( 'NONE', #1013, #1330, #703 ) ;
#351 = EDGE_CURVE ( 'NONE', #241, #392, #959, .T. ) ;
#352 = ORIENTED_EDGE ( 'NONE', *, *, #1934, .T. ) ;
#353 = ORIENTED_EDGE ( 'NONE', *, *, #641, .T. ) ;
#354 = DIRECTION ( 'NONE',  ( -0.000000000000000000, 1.000000000000000000, -0.000000000000000000 ) ) ;
#355 = VECTOR ( 'NONE', #896, 1.000000000000000000 ) ;
#356 = CARTESIAN_POINT ( 'NONE',  ( -0.03780000000000000027, 0.006499999999999999702, 0.008750000000000000833 ) ) ;
#357 = DIRECTION ( 'NONE',  ( 0.000000000000000000, 0.000000000000000000, -1.000000000000000000 ) ) ;
#358 = CARTESIAN_POINT ( 'NONE',  ( 0.03780000000000000027, 0.004499999999999999660, 0.008750000000000000833 ) ) ;
#359 = DIRECTION ( 'NONE',  ( 1.000000000000000000, 0.000000000000000000, 0.000000000000000000 ) ) ;
#360 = ADVANCED_FACE ( 'NONE', ( #742 ), #84, .T. ) ;
#361 = ORIENTED_EDGE ( 'NONE', *, *, #86, .F. ) ;
#362 = AXIS2_PLACEMENT_3D ( 'NONE', #1395, #5, #1842 ) ;
#363 = ORIENTED_EDGE ( 'NONE', *, *, #1003, .T. ) ;
#364 = AXIS2_PLACEMENT_3D ( 'NONE', #845, #1953, #855 ) ;
#365 = EDGE_CURVE ( 'NONE', #462, #1091, #1218, .T. ) ;
#366 = DIRECTION ( 'NONE',  ( 0.000000000000000000, 0.000000000000000000, 1.000000000000000000 ) ) ;
#367 = LINE ( 'NONE', #681, #436 ) ;
#368 = DIRECTION ( 'NONE',  ( 0.000000000000000000, 1.000000000000000000, 0.000000000000000000 ) ) ;
#369 = CLOSED_SHELL ( 'NONE', ( #1153, #1122, #1981, #315, #1563, #1002, #1782, #1388, #910, #323, #1363, #425, #1841, #1749, #853, #1187, #383, #699, #1523, #1788, #1960, #1315, #2000, #884, #1992, #1485, #1205, #1859, #756, #496, #1066, #442, #1725, #117, #1774, #376, #1945, #1572, #529, #1757, #1228, #1161, #461, #607, #1114, #1307, #792, #819, #80, #1423, #1824, #1712, #21, #854, #1731, #208, #360, #1907, #1425, #1585 ) ) ;
#370 = CARTESIAN_POINT ( 'NONE',  ( 0.005000000000000000104, -0.01025000000000000043, 0.02759999999999999953 ) ) ;
#371 = CONTEXT_DEPENDENT_SHAPE_REPRESENTATION ( #121, #134 ) ;
#372 = EDGE_LOOP ( 'NONE', ( #1415, #575, #1524, #482 ) ) ;
#373 = ORIENTED_EDGE ( 'NONE', *, *, #1371, .T. ) ;
#374 = EDGE_CURVE ( 'NONE', #486, #705, #157, .T. ) ;
#375 = CARTESIAN_POINT ( 'NONE',  ( 0.000000000000000000, -0.01025000000000000043, 0.004499999999999999660 ) ) ;
#376 = ADVANCED_FACE ( 'NONE', ( #1207 ), #1828, .F. ) ;
#377 = CARTESIAN_POINT ( 'NONE',  ( -0.03780000000000000027, 0.005499999999999999681, 0.008750000000000000833 ) ) ;
#378 = PLANE ( 'NONE',  #1668 ) ;
#379 = DIRECTION ( 'NONE',  ( -1.000000000000000000, 0.000000000000000000, 0.000000000000000000 ) ) ;
#380 = LINE ( 'NONE', #1454, #1584 ) ;
#381 = ORIENTED_EDGE ( 'NONE', *, *, #1061, .F. ) ;
#382 = ORIENTED_EDGE ( 'NONE', *, *, #481, .T. ) ;
#383 = ADVANCED_FACE ( 'NONE', ( #441 ), #1957, .F. ) ;
#384 = PLANE ( 'NONE',  #1232 ) ;
#385 = LINE ( 'NONE', #1938, #1049 ) ;
#386 = CARTESIAN_POINT ( 'NONE',  ( -0.03780000000000000027, 0.005499999999999999681, 0.008750000000000000833 ) ) ;
#387 = DIRECTION ( 'NONE',  ( -0.000000000000000000, 1.000000000000000000, 0.000000000000000000 ) ) ;
#388 = VECTOR ( 'NONE', #1590, 1.000000000000000000 ) ;
#389 = DIRECTION ( 'NONE',  ( 0.000000000000000000, 1.000000000000000000, 0.000000000000000000 ) ) ;
#390 = VERTEX_POINT ( 'NONE', #480 ) ;
#391 = ORIENTED_EDGE ( 'NONE', *, *, #942, .F. ) ;
#392 = VERTEX_POINT ( 'NONE', #603 ) ;
#393 = CARTESIAN_POINT ( 'NONE',  ( 0.04100000000000000172, -0.01099999999999999936, 0.000000000000000000 ) ) ;
#394 = CARTESIAN_POINT ( 'NONE',  ( -0.03899999999999999994, 0.01299999999999999940, 0.02500000000000000139 ) ) ;
#395 = DIRECTION ( 'NONE',  ( 1.196361017915039732E-16, -1.000000000000000000, 0.000000000000000000 ) ) ;
#396 = DIRECTION ( 'NONE',  ( 1.196361017915039732E-16, 1.000000000000000000, 0.000000000000000000 ) ) ;
#397 = DIRECTION ( 'NONE',  ( -1.000000000000000000, 0.000000000000000000, 0.000000000000000000 ) ) ;
#398 = DIRECTION ( 'NONE',  ( 0.000000000000000000, 0.000000000000000000, 1.000000000000000000 ) ) ;
#399 = ORIENTED_EDGE ( 'NONE', *, *, #522, .T. ) ;
#400 = VERTEX_POINT ( 'NONE', #758 ) ;
#402 = EDGE_CURVE ( 'NONE', #450, #1128, #1711, .T. ) ;
#401 = VECTOR ( 'NONE', #646, 1.000000000000000000 ) ;
#403 = VECTOR ( 'NONE', #553, 1.000000000000000000 ) ;
#404 = AXIS2_PLACEMENT_3D ( 'NONE', #53, #517, #1594 ) ;
#405 = FACE_OUTER_BOUND ( 'NONE', #1673, .T. ) ;
#406 = DIRECTION ( 'NONE',  ( 1.196361017915039732E-16, -1.000000000000000000, 0.000000000000000000 ) ) ;
#407 = FACE_OUTER_BOUND ( 'NONE', #1821, .T. ) ;
#408 = CARTESIAN_POINT ( 'NONE',  ( 0.000000000000000000, 0.01025000000000000043, 0.02500000000000000139 ) ) ;
#409 = EDGE_CURVE ( 'NONE', #871, #687, #1285, .T. ) ;
#410 = AXIS2_PLACEMENT_3D ( 'NONE', #313, #1518, #1059 ) ;
#411 = ORIENTED_EDGE ( 'NONE', *, *, #1516, .F. ) ;
#412 = DIRECTION ( 'NONE',  ( -1.000000000000000000, 0.000000000000000000, 0.000000000000000000 ) ) ;
#413 = AXIS2_PLACEMENT_3D ( 'NONE', #568, #1809, #1037 ) ;
#414 = ORIENTED_EDGE ( 'NONE', *, *, #144, .F. ) ;
#415 = ORIENTED_EDGE ( 'NONE', *, *, #942, .T. ) ;
#416 = ORIENTED_EDGE ( 'NONE', *, *, #1460, .T. ) ;
#417 = ORIENTED_EDGE ( 'NONE', *, *, #223, .F. ) ;
#418 = CARTESIAN_POINT ( 'NONE',  ( -0.03899999999999999994, 0.01299999999999999940, 0.02500000000000000139 ) ) ;
#419 = CARTESIAN_POINT ( 'NONE',  ( -0.03780000000000000027, -0.006499999999999999702, 0.02500000000000000139 ) ) ;
#420 = FACE_OUTER_BOUND ( 'NONE', #661, .T. ) ;
#421 = FACE_OUTER_BOUND ( 'NONE', #634, .T. ) ;
#422 = ORIENTED_EDGE ( 'NONE', *, *, #402, .T. ) ;
#423 = CYLINDRICAL_SURFACE ( 'NONE', #1063, 0.001500000000000001332 ) ;
#424 = AXIS2_PLACEMENT_3D ( 'NONE', #598, #1525, #451 ) ;
#425 = ADVANCED_FACE ( 'NONE', ( #1071 ), #748, .F. ) ;
#426 = ORIENTED_EDGE ( 'NONE', *, *, #1723, .F. ) ;
#427 = VECTOR ( 'NONE', #1819, 1.000000000000000000 ) ;
#428 = EDGE_LOOP ( 'NONE', ( #1843, #182 ) ) ;
#429 = CARTESIAN_POINT ( 'NONE',  ( 0.02000000000000000042, -9.950255243072231202E-20, 0.01474999999999999922 ) ) ;
#430 = EDGE_CURVE ( 'NONE', #1410, #986, #1833, .T. ) ;
#431 = FACE_OUTER_BOUND ( 'NONE', #1473, .T. ) ;
#432 = CARTESIAN_POINT ( 'NONE',  ( 0.03780000000000000027, 0.004499999999999999660, 0.01875000000000000278 ) ) ;
#433 = VECTOR ( 'NONE', #1356, 1.000000000000000000 ) ;
#434 = VERTEX_POINT ( 'NONE', #907 ) ;
#435 = CARTESIAN_POINT ( 'NONE',  ( -0.04100000000000000172, 0.01099999999999999936, 0.000000000000000000 ) ) ;
#436 = VECTOR ( 'NONE', #1469, 1.000000000000000000 ) ;
#437 = VECTOR ( 'NONE', #171, 1.000000000000000000 ) ;
#438 = VERTEX_POINT ( 'NONE', #900 ) ;
#439 = FACE_OUTER_BOUND ( 'NONE', #1484, .T. ) ;
#440 = DIRECTION ( 'NONE',  ( 1.196361017915039732E-16, -1.000000000000000000, 0.000000000000000000 ) ) ;
#441 = FACE_OUTER_BOUND ( 'NONE', #824, .T. ) ;
#442 = ADVANCED_FACE ( 'NONE', ( #916, #1528 ), #1692, .F. ) ;
#443 = EDGE_CURVE ( 'NONE', #1575, #474, #767, .T. ) ;
#444 = ORIENTED_EDGE ( 'NONE', *, *, #107, .T. ) ;
#445 = LINE ( 'NONE', #1227, #1160 ) ;
#446 = CARTESIAN_POINT ( 'NONE',  ( -0.04100000000000000172, 0.01099999999999999936, 0.000000000000000000 ) ) ;
#447 = EDGE_CURVE ( 'NONE', #1903, #342, #1230, .T. ) ;
#448 = FACE_BOUND ( 'NONE', #224, .T. ) ;
#449 = CARTESIAN_POINT ( 'NONE',  ( 0.000000000000000000, 0.01299999999999999940, 0.02500000000000000139 ) ) ;
#450 = VERTEX_POINT ( 'NONE', #1720 ) ;
#451 = DIRECTION ( 'NONE',  ( 0.000000000000000000, 0.000000000000000000, 1.000000000000000000 ) ) ;
#452 = VECTOR ( 'NONE', #389, 1.000000000000000000 ) ;
#453 = UNCERTAINTY_MEASURE_WITH_UNIT (LENGTH_MEASURE( 1.000000000000000082E-05 ), #333, 'distance_accuracy_value', 'NONE');
#454 = ORIENTED_EDGE ( 'NONE', *, *, #1515, .T. ) ;
#455 = DIRECTION ( 'NONE',  ( -1.000000000000000000, 0.000000000000000000, 0.000000000000000000 ) ) ;
#456 = PLANE ( 'NONE',  #146 ) ;
#457 = CARTESIAN_POINT ( 'NONE',  ( 0.03699999999999999817, 0.000000000000000000, 0.02500000000000000139 ) ) ;
#458 = ORIENTED_EDGE ( 'NONE', *, *, #1515, .F. ) ;
#459 = ORIENTED_EDGE ( 'NONE', *, *, #204, .T. ) ;
#460 = LINE ( 'NONE', #770, #1224 ) ;
#461 = ADVANCED_FACE ( 'NONE', ( #1254 ), #1549, .T. ) ;
#462 = VERTEX_POINT ( 'NONE', #306 ) ;
#463 = DIRECTION ( 'NONE',  ( 1.000000000000000000, 0.000000000000000000, 0.000000000000000000 ) ) ;
#464 = LINE ( 'NONE', #356, #231 ) ;
#465 = CARTESIAN_POINT ( 'NONE',  ( -0.01600000000000000033, -9.950255243072231202E-20, 0.01474999999999999922 ) ) ;
#466 = ORIENTED_EDGE ( 'NONE', *, *, #237, .F. ) ;
#467 = LINE ( 'NONE', #1081, #886 ) ;
#468 = MECHANICAL_DESIGN_GEOMETRIC_PRESENTATION_REPRESENTATION (  '', ( #755 ), #497 ) ;
#469 = CARTESIAN_POINT ( 'NONE',  ( 0.005000000000000000104, 0.01025000000000000043, 0.02759999999999999953 ) ) ;
#470 = EDGE_CURVE ( 'NONE', #54, #978, #1090, .T. ) ;
#471 = ORIENTED_EDGE ( 'NONE', *, *, #1600, .T. ) ;
#472 = DIRECTION ( 'NONE',  ( 0.000000000000000000, -1.000000000000000000, 0.000000000000000000 ) ) ;
#473 = DIRECTION ( 'NONE',  ( -1.000000000000000000, 0.000000000000000000, 0.000000000000000000 ) ) ;
#474 = VERTEX_POINT ( 'NONE', #1521 ) ;
#475 = ORIENTED_EDGE ( 'NONE', *, *, #735, .F. ) ;
#476 = LINE ( 'NONE', #1279, #654 ) ;
#477 = ORIENTED_EDGE ( 'NONE', *, *, #764, .F. ) ;
#478 = FILL_AREA_STYLE ('',( #1729 ) ) ;
#479 = AXIS2_PLACEMENT_3D ( 'NONE', #26, #1548, #798 ) ;
#480 = CARTESIAN_POINT ( 'NONE',  ( -0.03780000000000000027, -0.004499999999999999660, 0.02500000000000000139 ) ) ;
#481 = EDGE_CURVE ( 'NONE', #705, #486, #1846, .T. ) ;
#482 = ORIENTED_EDGE ( 'NONE', *, *, #339, .T. ) ;
#483 = ORIENTED_EDGE ( 'NONE', *, *, #640, .F. ) ;
#484 = DIRECTION ( 'NONE',  ( 0.000000000000000000, 0.000000000000000000, -1.000000000000000000 ) ) ;
#485 = VERTEX_POINT ( 'NONE', #623 ) ;
#486 = VERTEX_POINT ( 'NONE', #1861 ) ;
#487 = CARTESIAN_POINT ( 'NONE',  ( 0.03899999999999999994, 0.01299999999999999940, 0.02500000000000000139 ) ) ;
#488 = EDGE_CURVE ( 'NONE', #1443, #1030, #1991, .T. ) ;
#489 = CARTESIAN_POINT ( 'NONE',  ( 0.000000000000000000, 0.000000000000000000, 0.000000000000000000 ) ) ;
#490 = DIRECTION ( 'NONE',  ( 0.000000000000000000, 0.000000000000000000, 1.000000000000000000 ) ) ;
#491 = AXIS2_PLACEMENT_3D ( 'NONE', #1470, #395, #1632 ) ;
#492 = ORIENTED_EDGE ( 'NONE', *, *, #1815, .T. ) ;
#493 = EDGE_CURVE ( 'NONE', #795, #1353, #103, .T. ) ;
#494 = DIRECTION ( 'NONE',  ( 1.000000000000000000, 0.000000000000000000, 0.000000000000000000 ) ) ;
#495 = DIRECTION ( 'NONE',  ( -1.000000000000000000, 0.000000000000000000, 0.000000000000000000 ) ) ;
#496 = ADVANCED_FACE ( 'NONE', ( #1538 ), #159, .F. ) ;
#497 =( GEOMETRIC_REPRESENTATION_CONTEXT ( 3 ) GLOBAL_UNCERTAINTY_ASSIGNED_CONTEXT ( ( #453 ) ) GLOBAL_UNIT_ASSIGNED_CONTEXT ( ( #333, #97, #1333 ) ) REPRESENTATION_CONTEXT ( 'NONE', 'WORKASPACE' ) );
#498 = PRODUCT_CONTEXT ( 'NONE', #627, 'mechanical' ) ;
#499 = ORIENTED_EDGE ( 'NONE', *, *, #481, .F. ) ;
#500 = ORIENTED_EDGE ( 'NONE', *, *, #1635, .T. ) ;
#501 = DIRECTION ( 'NONE',  ( 0.000000000000000000, 0.000000000000000000, -1.000000000000000000 ) ) ;
#502 = AXIS2_PLACEMENT_3D ( 'NONE', #1979, #297, #1052 ) ;
#503 = CARTESIAN_POINT ( 'NONE',  ( 0.000000000000000000, 0.000000000000000000, 0.000000000000000000 ) ) ;
#504 = EDGE_CURVE ( 'NONE', #1043, #1030, #1213, .T. ) ;
#505 = DIRECTION ( 'NONE',  ( -1.000000000000000000, 0.000000000000000000, 0.000000000000000000 ) ) ;
#506 = LINE ( 'NONE', #533, #1140 ) ;
#507 = LINE ( 'NONE', #830, #1107 ) ;
#508 = LINE ( 'NONE', #349, #1077 ) ;
#509 = ITEM_DEFINED_TRANSFORMATION ( 'NONE', 'NONE', #1163,  #31 ) ;
#510 = VERTEX_POINT ( 'NONE', #613 ) ;
#511 = ORIENTED_EDGE ( 'NONE', *, *, #295, .T. ) ;
#512 = CARTESIAN_POINT ( 'NONE',  ( 1.405724196050170031E-18, -0.01025000000000000043, 0.03020000000000000115 ) ) ;
#513 = AXIS2_PLACEMENT_3D ( 'NONE', #1040, #1167, #696 ) ;
#514 = LINE ( 'NONE', #1264, #1806 ) ;
#515 = DIRECTION ( 'NONE',  ( 1.000000000000000000, 0.000000000000000000, 0.000000000000000000 ) ) ;
#516 = CARTESIAN_POINT ( 'NONE',  ( 0.03699999999999999817, -0.01025000000000000043, 0.004499999999999999660 ) ) ;
#517 = DIRECTION ( 'NONE',  ( 1.000000000000000000, 0.000000000000000000, 0.000000000000000000 ) ) ;
#518 = APPLICATION_PROTOCOL_DEFINITION ( 'draft international standard', 'automotive_design', 1998, #627 ) ;
#519 = EDGE_LOOP ( 'NONE', ( #1814, #44, #1284, #1334 ) ) ;
#520 = ORIENTED_EDGE ( 'NONE', *, *, #928, .T. ) ;
#521 = EDGE_CURVE ( 'NONE', #978, #1474, #573, .T. ) ;
#522 = EDGE_CURVE ( 'NONE', #852, #331, #55, .T. ) ;
#523 = ORIENTED_EDGE ( 'NONE', *, *, #1453, .T. ) ;
#524 = DIRECTION ( 'NONE',  ( -2.312964634635739999E-16, -1.000000000000000000, 0.000000000000000000 ) ) ;
#525 = CARTESIAN_POINT ( 'NONE',  ( 0.02000000000000000042, 0.000000000000000000, 0.01474999999999999922 ) ) ;
#526 = FACE_OUTER_BOUND ( 'NONE', #1464, .T. ) ;
#527 = LINE ( 'NONE', #974, #1633 ) ;
#528 = DIRECTION ( 'NONE',  ( 0.000000000000000000, 0.000000000000000000, 1.000000000000000000 ) ) ;
#529 = ADVANCED_FACE ( 'NONE', ( #226 ), #1449, .T. ) ;
#530 = ORIENTED_EDGE ( 'NONE', *, *, #294, .F. ) ;
#531 = ORIENTED_EDGE ( 'NONE', *, *, #1278, .T. ) ;
#532 = FACE_BOUND ( 'NONE', #254, .T. ) ;
#533 = CARTESIAN_POINT ( 'NONE',  ( 0.005000000000000000104, -0.01299999999999999940, 0.02759999999999999953 ) ) ;
#534 = DIRECTION ( 'NONE',  ( -0.000000000000000000, 1.000000000000000000, 0.000000000000000000 ) ) ;
#535 = FACE_OUTER_BOUND ( 'NONE', #851, .T. ) ;
#536 = VECTOR ( 'NONE', #1150, 1.000000000000000000 ) ;
#537 = DIRECTION ( 'NONE',  ( 1.000000000000000000, 0.000000000000000000, 0.000000000000000000 ) ) ;
#538 = ORIENTED_EDGE ( 'NONE', *, *, #170, .T. ) ;
#539 = ORIENTED_EDGE ( 'NONE', *, *, #1085, .T. ) ;
#540 = CARTESIAN_POINT ( 'NONE',  ( 0.002200000000000001434, 0.01025000000000000043, 0.03020000000000000115 ) ) ;
#541 = AXIS2_PLACEMENT_3D ( 'NONE', #1462, #239, #812 ) ;
#542 = CARTESIAN_POINT ( 'NONE',  ( 0.005000000000000000104, 0.01025000000000000043, 0.02500000000000000139 ) ) ;
#543 = DIRECTION ( 'NONE',  ( 0.000000000000000000, -1.000000000000000000, 0.000000000000000000 ) ) ;
#544 = CYLINDRICAL_SURFACE ( 'NONE', #1994, 0.002200000000000000133 ) ;
#545 = EDGE_CURVE ( 'NONE', #89, #1169, #188, .T. ) ;
#546 =( GEOMETRIC_REPRESENTATION_CONTEXT ( 3 ) GLOBAL_UNCERTAINTY_ASSIGNED_CONTEXT ( ( #1201 ) ) GLOBAL_UNIT_ASSIGNED_CONTEXT ( ( #1865, #1259, #1876 ) ) REPRESENTATION_CONTEXT ( 'NONE', 'WORKASPACE' ) );
#547 = CARTESIAN_POINT ( 'NONE',  ( 0.03780000000000000027, -0.006499999999999999702, 0.008750000000000000833 ) ) ;
#548 = CARTESIAN_POINT ( 'NONE',  ( -0.03780000000000000027, -0.004499999999999999660, 0.01875000000000000278 ) ) ;
#549 = ORIENTED_EDGE ( 'NONE', *, *, #612, .F. ) ;
#550 = EDGE_LOOP ( 'NONE', ( #174, #800, #1664, #33, #1834, #471, #41, #483 ) ) ;
#551 = FACE_OUTER_BOUND ( 'NONE', #954, .T. ) ;
#552 = EDGE_CURVE ( 'NONE', #1474, #1698, #1741, .T. ) ;
#553 = DIRECTION ( 'NONE',  ( 0.000000000000000000, 0.000000000000000000, 1.000000000000000000 ) ) ;
#554 = FACE_OUTER_BOUND ( 'NONE', #1931, .T. ) ;
#555 = DIRECTION ( 'NONE',  ( 0.000000000000000000, 0.000000000000000000, 1.000000000000000000 ) ) ;
#556 = EDGE_CURVE ( 'NONE', #434, #953, #199, .T. ) ;
#557 = ORIENTED_EDGE ( 'NONE', *, *, #143, .T. ) ;
#558 = LINE ( 'NONE', #1472, #966 ) ;
#559 = ORIENTED_EDGE ( 'NONE', *, *, #682, .T. ) ;
#560 = ORIENTED_EDGE ( 'NONE', *, *, #1642, .F. ) ;
#561 = VECTOR ( 'NONE', #730, 1.000000000000000000 ) ;
#562 = PRESENTATION_LAYER_ASSIGNMENT (  '', '', ( #755 ) ) ;
#563 = EDGE_LOOP ( 'NONE', ( #1569, #1791, #1767, #161 ) ) ;
#564 = DIRECTION ( 'NONE',  ( 0.000000000000000000, 1.000000000000000000, 0.000000000000000000 ) ) ;
#565 = CARTESIAN_POINT ( 'NONE',  ( -0.03780000000000000027, 0.006499999999999999702, 0.02500000000000000139 ) ) ;
#566 = EDGE_CURVE ( 'NONE', #1718, #1575, #988, .T. ) ;
#567 = CARTESIAN_POINT ( 'NONE',  ( -0.03780000000000000027, -0.005499999999999999681, 0.02500000000000000139 ) ) ;
#568 = CARTESIAN_POINT ( 'NONE',  ( 1.405724196050170031E-18, -0.01025000000000000043, 0.03020000000000000115 ) ) ;
#569 = VECTOR ( 'NONE', #501, 1.000000000000000000 ) ;
#570 = ORIENTED_EDGE ( 'NONE', *, *, #1697, .F. ) ;
#571 = CARTESIAN_POINT ( 'NONE',  ( 0.03899999999999999994, 0.000000000000000000, 0.01625000000000000056 ) ) ;
#572 = ORIENTED_EDGE ( 'NONE', *, *, #650, .T. ) ;
#573 = CIRCLE ( 'NONE', #1706, 0.005000000000000000104 ) ;
#574 = EDGE_CURVE ( 'NONE', #1457, #1199, #514, .T. ) ;
#575 = ORIENTED_EDGE ( 'NONE', *, *, #1676, .T. ) ;
#576 = LINE ( 'NONE', #1194, #173 ) ;
#577 = DIRECTION ( 'NONE',  ( -1.000000000000000000, 0.000000000000000000, 0.000000000000000000 ) ) ;
#578 = LINE ( 'NONE', #1197, #427 ) ;
#579 = FACE_OUTER_BOUND ( 'NONE', #1655, .T. ) ;
#580 = ORIENTED_EDGE ( 'NONE', *, *, #365, .F. ) ;
#581 = PLANE ( 'NONE',  #867 ) ;
#582 = PRODUCT ( 'Rotated Battery Holder', 'Rotated Battery Holder', '', ( #498 ) ) ;
#583 = VECTOR ( 'NONE', #1860, 1.000000000000000000 ) ;
#584 = EDGE_CURVE ( 'NONE', #1199, #66, #924, .T. ) ;
#585 = ORIENTED_EDGE ( 'NONE', *, *, #300, .F. ) ;
#586 = EDGE_CURVE ( 'NONE', #327, #331, #1438, .T. ) ;
#587 = LINE ( 'NONE', #245, #1137 ) ;
#588 = CARTESIAN_POINT ( 'NONE',  ( 0.03699999999999999817, -0.01025000000000000043, 0.004499999999999999660 ) ) ;
#589 = DIRECTION ( 'NONE',  ( 1.000000000000000000, 0.000000000000000000, 0.000000000000000000 ) ) ;
#590 = VERTEX_POINT ( 'NONE', #1289 ) ;
#591 = CARTESIAN_POINT ( 'NONE',  ( 0.03780000000000000027, -0.004499999999999999660, 0.008750000000000000833 ) ) ;
#592 = EDGE_CURVE ( 'NONE', #1862, #1380, #1677, .T. ) ;
#593 = AXIS2_PLACEMENT_3D ( 'NONE', #973, #359, #338 ) ;
#594 = CARTESIAN_POINT ( 'NONE',  ( 0.000000000000000000, -0.01025000000000000043, 0.02500000000000000139 ) ) ;
#595 = CARTESIAN_POINT ( 'NONE',  ( -0.03899999999999999994, -0.01299999999999999940, 0.02500000000000000139 ) ) ;
#596 = CARTESIAN_POINT ( 'NONE',  ( 0.03899999999999999994, -0.006499999999999999702, 0.008750000000000000833 ) ) ;
#597 = ORIENTED_EDGE ( 'NONE', *, *, #743, .F. ) ;
#598 = CARTESIAN_POINT ( 'NONE',  ( 0.03899999999999999994, 0.000000000000000000, 0.008750000000000000833 ) ) ;
#599 = EDGE_LOOP ( 'NONE', ( #1202, #935, #363, #976 ) ) ;
#600 = DIRECTION ( 'NONE',  ( -1.196361017915039732E-16, -1.000000000000000000, 0.000000000000000000 ) ) ;
#601 = VECTOR ( 'NONE', #870, 1.000000000000000000 ) ;
#602 = PLANE ( 'NONE',  #1369 ) ;
#603 = CARTESIAN_POINT ( 'NONE',  ( -0.002199999999999998831, -0.01025000000000000043, 0.03020000000000000115 ) ) ;
#604 = VERTEX_POINT ( 'NONE', #1894 ) ;
#605 = EDGE_LOOP ( 'NONE', ( #1713, #940, #572 ) ) ;
#606 = CARTESIAN_POINT ( 'NONE',  ( 0.005000000000000000104, -0.01299999999999999940, 0.02500000000000000139 ) ) ;
#607 = ADVANCED_FACE ( 'NONE', ( #532, #49 ), #1132, .T. ) ;
#608 = VECTOR ( 'NONE', #1775, 1.000000000000000000 ) ;
#609 = ORIENTED_EDGE ( 'NONE', *, *, #522, .F. ) ;
#610 = DIRECTION ( 'NONE',  ( 0.000000000000000000, 0.000000000000000000, 1.000000000000000000 ) ) ;
#611 = CARTESIAN_POINT ( 'NONE',  ( -0.01600000000000000033, -0.01025000000000000043, 0.004499999999999999660 ) ) ;
#612 = EDGE_CURVE ( 'NONE', #604, #1866, #1120, .T. ) ;
#613 = CARTESIAN_POINT ( 'NONE',  ( 0.03780000000000000027, 0.004499999999999999660, 0.02500000000000000139 ) ) ;
#614 = AXIS2_PLACEMENT_3D ( 'NONE', #138, #1383, #1983 ) ;
#615 = ORIENTED_EDGE ( 'NONE', *, *, #1786, .T. ) ;
#616 = DIRECTION ( 'NONE',  ( 0.000000000000000000, -1.000000000000000000, 0.000000000000000000 ) ) ;
#617 = CARTESIAN_POINT ( 'NONE',  ( 0.03699999999999999817, 0.000000000000000000, 0.02500000000000000139 ) ) ;
#618 = CIRCLE ( 'NONE', #1303, 0.002200000000000000133 ) ;
#619 = ORIENTED_EDGE ( 'NONE', *, *, #1900, .T. ) ;
#620 = PLANE ( 'NONE',  #249 ) ;
#621 = CIRCLE ( 'NONE', #1852, 0.001500000000000000031 ) ;
#622 = LINE ( 'NONE', #1233, #583 ) ;
#623 = CARTESIAN_POINT ( 'NONE',  ( -0.04100000000000000172, 0.000000000000000000, 0.01625000000000000056 ) ) ;
#624 = VERTEX_POINT ( 'NONE', #1414 ) ;
#625 = ORIENTED_EDGE ( 'NONE', *, *, #47, .F. ) ;
#626 = LINE ( 'NONE', #802, #335 ) ;
#627 = APPLICATION_CONTEXT ( 'automotive_design' ) ;
#628 = ORIENTED_EDGE ( 'NONE', *, *, #556, .F. ) ;
#629 = CARTESIAN_POINT ( 'NONE',  ( -0.03839999999999999664, -0.006499999999999999702, 0.008750000000000000833 ) ) ;
#630 = EDGE_CURVE ( 'NONE', #660, #1866, #1905, .T. ) ;
#631 = FACE_OUTER_BOUND ( 'NONE', #947, .T. ) ;
#632 = DIRECTION ( 'NONE',  ( -1.196361017915039732E-16, -1.000000000000000000, 0.000000000000000000 ) ) ;
#633 = ORIENTED_EDGE ( 'NONE', *, *, #257, .F. ) ;
#634 = EDGE_LOOP ( 'NONE', ( #1844, #1355, #391, #782 ) ) ;
#635 = CARTESIAN_POINT ( 'NONE',  ( 0.02000000000000000042, -0.01025000000000000043, 0.009624999999999999875 ) ) ;
#636 = EDGE_LOOP ( 'NONE', ( #1039, #911, #1513, #285 ) ) ;
#637 = EDGE_LOOP ( 'NONE', ( #697, #1661 ) ) ;
#638 = VECTOR ( 'NONE', #909, 1.000000000000000000 ) ;
#639 = PLANE ( 'NONE',  #309 ) ;
#640 = EDGE_CURVE ( 'NONE', #1575, #1247, #1299, .T. ) ;
#641 = EDGE_CURVE ( 'NONE', #332, #1545, #345, .T. ) ;
#642 = AXIS2_PLACEMENT_3D ( 'NONE', #298, #1349, #1832 ) ;
#643 = LINE ( 'NONE', #775, #1095 ) ;
#644 = DIRECTION ( 'NONE',  ( 0.000000000000000000, 1.000000000000000000, 0.000000000000000000 ) ) ;
#645 = ORIENTED_EDGE ( 'NONE', *, *, #279, .F. ) ;
#646 = DIRECTION ( 'NONE',  ( 0.000000000000000000, 0.000000000000000000, 1.000000000000000000 ) ) ;
#647 = DIRECTION ( 'NONE',  ( 0.000000000000000000, 0.000000000000000000, 1.000000000000000000 ) ) ;
#648 = ORIENTED_EDGE ( 'NONE', *, *, #374, .T. ) ;
#649 = ORIENTED_EDGE ( 'NONE', *, *, #1288, .F. ) ;
#650 = EDGE_CURVE ( 'NONE', #13, #624, #689, .T. ) ;
#651 = FACE_OUTER_BOUND ( 'NONE', #372, .T. ) ;
#652 = DIRECTION ( 'NONE',  ( 0.000000000000000000, 0.000000000000000000, 1.000000000000000000 ) ) ;
#653 = DIRECTION ( 'NONE',  ( 0.000000000000000000, 1.000000000000000000, 0.000000000000000000 ) ) ;
#654 = VECTOR ( 'NONE', #779, 1.000000000000000000 ) ;
#655 = CARTESIAN_POINT ( 'NONE',  ( -0.005000000000000000104, 0.01025000000000000043, 0.02759999999999999953 ) ) ;
#656 = DIRECTION ( 'NONE',  ( -1.000000000000000000, 0.000000000000000000, 0.000000000000000000 ) ) ;
#657 = CARTESIAN_POINT ( 'NONE',  ( 0.000000000000000000, 0.000000000000000000, 0.004499999999999999660 ) ) ;
#658 = VECTOR ( 'NONE', #1771, 1.000000000000000000 ) ;
#659 = ORIENTED_EDGE ( 'NONE', *, *, #928, .F. ) ;
#660 = VERTEX_POINT ( 'NONE', #1568 ) ;
#661 = EDGE_LOOP ( 'NONE', ( #22, #1251, #788, #98, #1639, #1433, #1587, #523 ) ) ;
#662 = DIRECTION ( 'NONE',  ( -1.000000000000000000, 0.000000000000000000, 0.000000000000000000 ) ) ;
#663 = VECTOR ( 'NONE', #186, 1.000000000000000000 ) ;
#664 = AXIS2_PLACEMENT_3D ( 'NONE', #167, #1223, #1234 ) ;
#665 = CARTESIAN_POINT ( 'NONE',  ( -0.03699999999999999817, 0.000000000000000000, 0.02500000000000000139 ) ) ;
#666 = FACE_OUTER_BOUND ( 'NONE', #605, .T. ) ;
#667 = DIRECTION ( 'NONE',  ( 0.000000000000000000, 0.000000000000000000, 1.000000000000000000 ) ) ;
#668 = DIRECTION ( 'NONE',  ( 1.000000000000000000, 0.000000000000000000, 0.000000000000000000 ) ) ;
#669 = VECTOR ( 'NONE', #505, 1.000000000000000000 ) ;
#670 = EDGE_CURVE ( 'NONE', #327, #1570, #288, .T. ) ;
#671 = DIRECTION ( 'NONE',  ( 1.000000000000000000, 0.000000000000000000, 0.000000000000000000 ) ) ;
#672 = VERTEX_POINT ( 'NONE', #1427 ) ;
#673 = VECTOR ( 'NONE', #577, 1.000000000000000000 ) ;
#674 = ORIENTED_EDGE ( 'NONE', *, *, #107, .F. ) ;
#675 = ORIENTED_EDGE ( 'NONE', *, *, #866, .F. ) ;
#676 = CARTESIAN_POINT ( 'NONE',  ( -0.03699999999999999817, 0.004499999999999999660, 0.02500000000000000139 ) ) ;
#677 = ORIENTED_EDGE ( 'NONE', *, *, #79, .T. ) ;
#678 = AXIS2_PLACEMENT_3D ( 'NONE', #991, #1621, #1885 ) ;
#679 = DIRECTION ( 'NONE',  ( 1.000000000000000000, 0.000000000000000000, 0.000000000000000000 ) ) ;
#680 = PRODUCT_DEFINITION_FORMATION_WITH_SPECIFIED_SOURCE ( 'ANY', '', #582, .NOT_KNOWN. ) ;
#681 = CARTESIAN_POINT ( 'NONE',  ( -0.01600000000000000033, 0.01025000000000000043, 0.009624999999999999875 ) ) ;
#682 = EDGE_CURVE ( 'NONE', #510, #660, #210, .T. ) ;
#683 = PLANE ( 'NONE',  #1793 ) ;
#684 = FACE_OUTER_BOUND ( 'NONE', #1096, .T. ) ;
#685 = DIRECTION ( 'NONE',  ( -1.000000000000000000, 0.000000000000000000, 0.000000000000000000 ) ) ;
#686 = ORIENTED_EDGE ( 'NONE', *, *, #912, .F. ) ;
#687 = VERTEX_POINT ( 'NONE', #81 ) ;
#688 = CIRCLE ( 'NONE', #330, 0.01025000000000000043 ) ;
#689 = LINE ( 'NONE', #952, #897 ) ;
#690 = DIRECTION ( 'NONE',  ( 0.000000000000000000, 0.000000000000000000, -1.000000000000000000 ) ) ;
#691 = SHAPE_REPRESENTATION ( 'Rotated Battery Holder', ( #1297, #1163 ), #546 ) ;
#692 = CARTESIAN_POINT ( 'NONE',  ( 0.04100000000000000172, -9.483155002006548736E-18, 0.000000000000000000 ) ) ;
#693 = AXIS2_PLACEMENT_3D ( 'NONE', #525, #515, #1592 ) ;
#694 = LINE ( 'NONE', #1280, #1797 ) ;
#695 = AXIS2_PLACEMENT_3D ( 'NONE', #811, #38, #1593 ) ;
#696 = DIRECTION ( 'NONE',  ( 0.000000000000000000, 0.000000000000000000, 1.000000000000000000 ) ) ;
#697 = ORIENTED_EDGE ( 'NONE', *, *, #803, .F. ) ;
#698 = ORIENTED_EDGE ( 'NONE', *, *, #1215, .F. ) ;
#699 = ADVANCED_FACE ( 'NONE', ( #1666 ), #1965, .T. ) ;
#700 = CARTESIAN_POINT ( 'NONE',  ( -0.02000000000000000042, -9.950255243072231202E-20, 0.004499999999999999660 ) ) ;
#701 = DIRECTION ( 'NONE',  ( 0.000000000000000000, -1.000000000000000000, 0.000000000000000000 ) ) ;
#702 = DIRECTION ( 'NONE',  ( 1.000000000000000000, -2.312964634635739999E-16, 0.000000000000000000 ) ) ;
#703 = DIRECTION ( 'NONE',  ( 1.000000000000000000, 0.000000000000000000, 0.000000000000000000 ) ) ;
#704 = DIRECTION ( 'NONE',  ( 0.000000000000000000, -1.000000000000000000, 0.000000000000000000 ) ) ;
#705 = VERTEX_POINT ( 'NONE', #1781 ) ;
#706 = ORIENTED_EDGE ( 'NONE', *, *, #11, .F. ) ;
#707 = EDGE_CURVE ( 'NONE', #450, #1335, #721, .T. ) ;
#708 = DIRECTION ( 'NONE',  ( 0.000000000000000000, 0.000000000000000000, -1.000000000000000000 ) ) ;
#709 = EDGE_CURVE ( 'NONE', #253, #341, #1183, .T. ) ;
#710 = AXIS2_PLACEMENT_3D ( 'NONE', #1919, #250, #993 ) ;
#711 = CARTESIAN_POINT ( 'NONE',  ( 0.04739999999999999769, 0.000000000000000000, 0.01625000000000000056 ) ) ;
#712 = FACE_OUTER_BOUND ( 'NONE', #1597, .T. ) ;
#713 = DIRECTION ( 'NONE',  ( -1.000000000000000000, 0.000000000000000000, 0.000000000000000000 ) ) ;
#714 = LINE ( 'NONE', #1789, #1745 ) ;
#715 = EDGE_LOOP ( 'NONE', ( #895, #1028, #922, #353 ) ) ;
#716 = VERTEX_POINT ( 'NONE', #1476 ) ;
#717 = VERTEX_POINT ( 'NONE', #1794 ) ;
#718 = VECTOR ( 'NONE', #1376, 1.000000000000000000 ) ;
#719 = EDGE_CURVE ( 'NONE', #725, #1698, #1805, .T. ) ;
#720 = VERTEX_POINT ( 'NONE', #1468 ) ;
#721 = LINE ( 'NONE', #1618, #944 ) ;
#722 = CARTESIAN_POINT ( 'NONE',  ( 0.000000000000000000, -0.01299999999999999940, 0.000000000000000000 ) ) ;
#723 = LINE ( 'NONE', #386, #1272 ) ;
#724 = DIRECTION ( 'NONE',  ( 1.000000000000000000, 0.000000000000000000, 0.000000000000000000 ) ) ;
#725 = VERTEX_POINT ( 'NONE', #126 ) ;
#726 = CARTESIAN_POINT ( 'NONE',  ( -0.03839999999999999664, -0.006499999999999999702, 0.02500000000000000139 ) ) ;
#727 = ORIENTED_EDGE ( 'NONE', *, *, #1331, .F. ) ;
#728 = ORIENTED_EDGE ( 'NONE', *, *, #1787, .F. ) ;
#729 = CYLINDRICAL_SURFACE ( 'NONE', #1495, 0.01025000000000000216 ) ;
#730 = DIRECTION ( 'NONE',  ( -1.000000000000000000, -1.196361017915039732E-16, 0.000000000000000000 ) ) ;
#731 = LINE ( 'NONE', #595, #296 ) ;
#732 = DIRECTION ( 'NONE',  ( 0.000000000000000000, 0.000000000000000000, 1.000000000000000000 ) ) ;
#733 = ORIENTED_EDGE ( 'NONE', *, *, #764, .T. ) ;
#734 = FACE_OUTER_BOUND ( 'NONE', #32, .T. ) ;
#735 = EDGE_CURVE ( 'NONE', #720, #1747, #1327, .T. ) ;
#736 = EDGE_CURVE ( 'NONE', #331, #139, #1974, .T. ) ;
#737 = VERTEX_POINT ( 'NONE', #270 ) ;
#738 = EDGE_CURVE ( 'NONE', #1624, #814, #1009, .T. ) ;
#739 = ORIENTED_EDGE ( 'NONE', *, *, #1214, .T. ) ;
#740 = DIRECTION ( 'NONE',  ( 0.000000000000000000, 0.000000000000000000, -1.000000000000000000 ) ) ;
#741 = DIRECTION ( 'NONE',  ( 0.000000000000000000, 0.000000000000000000, -1.000000000000000000 ) ) ;
#742 = FACE_OUTER_BOUND ( 'NONE', #823, .T. ) ;
#743 = EDGE_CURVE ( 'NONE', #255, #1890, #587, .T. ) ;
#744 = ORIENTED_EDGE ( 'NONE', *, *, #347, .F. ) ;
#745 = CARTESIAN_POINT ( 'NONE',  ( 0.000000000000000000, 0.000000000000000000, 0.01875000000000000278 ) ) ;
#746 = DIRECTION ( 'NONE',  ( -1.000000000000000000, 0.000000000000000000, 0.000000000000000000 ) ) ;
#747 = CARTESIAN_POINT ( 'NONE',  ( -0.002199999999999998831, -0.01025000000000000043, 0.03020000000000000115 ) ) ;
#748 = PLANE ( 'NONE',  #664 ) ;
#749 = ORIENTED_EDGE ( 'NONE', *, *, #861, .F. ) ;
#750 = CARTESIAN_POINT ( 'NONE',  ( 0.04100000000000000172, 1.836970198721030317E-19, 0.01324999999999999963 ) ) ;
#751 = VECTOR ( 'NONE', #1764, 1.000000000000000000 ) ;
#752 = ORIENTED_EDGE ( 'NONE', *, *, #1970, .F. ) ;
#753 = AXIS2_PLACEMENT_3D ( 'NONE', #1714, #971, #211 ) ;
#754 = CARTESIAN_POINT ( 'NONE',  ( 1.405724196050170031E-18, 0.01025000000000000043, 0.03020000000000000115 ) ) ;
#755 = STYLED_ITEM ( 'NONE', ( #1904 ), #1068 ) ;
#756 = ADVANCED_FACE ( 'NONE', ( #405 ), #1487, .F. ) ;
#757 = CARTESIAN_POINT ( 'NONE',  ( 0.000000000000000000, 0.000000000000000000, 0.02500000000000000139 ) ) ;
#758 = CARTESIAN_POINT ( 'NONE',  ( 0.04100000000000000172, 0.01099999999999999936, 0.02500000000000000139 ) ) ;
#759 = ORIENTED_EDGE ( 'NONE', *, *, #504, .T. ) ;
#760 = CARTESIAN_POINT ( 'NONE',  ( -0.04100000000000000172, 1.836970198721030317E-19, 0.01324999999999999963 ) ) ;
#761 = VECTOR ( 'NONE', #913, 1.000000000000000000 ) ;
#762 = AXIS2_PLACEMENT_3D ( 'NONE', #465, #1403, #1079 ) ;
#763 = ORIENTED_EDGE ( 'NONE', *, *, #1937, .T. ) ;
#764 = EDGE_CURVE ( 'NONE', #1640, #769, #688, .T. ) ;
#765 = CARTESIAN_POINT ( 'NONE',  ( 0.03899999999999999994, 0.01099999999999999936, 0.02500000000000000139 ) ) ;
#766 = FACE_OUTER_BOUND ( 'NONE', #1242, .T. ) ;
#767 = LINE ( 'NONE', #1685, #2005 ) ;
#768 = EDGE_LOOP ( 'NONE', ( #1177, #1101, #1554, #110 ) ) ;
#769 = VERTEX_POINT ( 'NONE', #700 ) ;
#770 = CARTESIAN_POINT ( 'NONE',  ( -0.04100000000000000172, 9.483155002006548736E-18, 0.000000000000000000 ) ) ;
#771 = AXIS2_PLACEMENT_3D ( 'NONE', #127, #1365, #1060 ) ;
#772 = ORIENTED_EDGE ( 'NONE', *, *, #1097, .T. ) ;
#773 = FACE_OUTER_BOUND ( 'NONE', #1760, .T. ) ;
#774 = PRODUCT_RELATED_PRODUCT_CATEGORY ( 'part', '', ( #244 ) ) ;
#775 = CARTESIAN_POINT ( 'NONE',  ( -0.03699999999999999817, 0.000000000000000000, 0.004499999999999999660 ) ) ;
#776 = DIRECTION ( 'NONE',  ( 1.000000000000000000, 0.000000000000000000, 0.000000000000000000 ) ) ;
#777 = ORIENTED_EDGE ( 'NONE', *, *, #707, .F. ) ;
#778 = VERTEX_POINT ( 'NONE', #878 ) ;
#779 = DIRECTION ( 'NONE',  ( 0.000000000000000000, 0.000000000000000000, 1.000000000000000000 ) ) ;
#780 = AXIS2_PLACEMENT_3D ( 'NONE', #754, #784, #1547 ) ;
#781 = EDGE_CURVE ( 'NONE', #1353, #1913, #576, .T. ) ;
#782 = ORIENTED_EDGE ( 'NONE', *, *, #1815, .F. ) ;
#783 = VECTOR ( 'NONE', #616, 1.000000000000000000 ) ;
#784 = DIRECTION ( 'NONE',  ( 1.196361017915039732E-16, 1.000000000000000000, 0.000000000000000000 ) ) ;
#785 = VECTOR ( 'NONE', #962, 1.000000000000000000 ) ;
#786 = LINE ( 'NONE', #1557, #1522 ) ;
#787 = CARTESIAN_POINT ( 'NONE',  ( 0.000000000000000000, 0.000000000000000000, 0.004499999999999999660 ) ) ;
#788 = ORIENTED_EDGE ( 'NONE', *, *, #1032, .T. ) ;
#789 = ORIENTED_EDGE ( 'NONE', *, *, #67, .F. ) ;
#790 = FACE_OUTER_BOUND ( 'NONE', #876, .T. ) ;
#791 = APPLICATION_PROTOCOL_DEFINITION ( 'draft international standard', 'automotive_design', 1998, #262 ) ;
#792 = ADVANCED_FACE ( 'NONE', ( #102 ), #384, .F. ) ;
#793 = EDGE_LOOP ( 'NONE', ( #1768, #185, #1396 ) ) ;
#794 = EDGE_CURVE ( 'NONE', #1110, #1913, #618, .T. ) ;
#795 = VERTEX_POINT ( 'NONE', #540 ) ;
#796 = DIRECTION ( 'NONE',  ( 1.000000000000000000, -2.312964634635739999E-16, 0.000000000000000000 ) ) ;
#797 = AXIS2_PLACEMENT_3D ( 'NONE', #1608, #1143, #1762 ) ;
#798 = DIRECTION ( 'NONE',  ( 1.000000000000000000, 0.000000000000000000, 0.000000000000000000 ) ) ;
#799 = CARTESIAN_POINT ( 'NONE',  ( 0.03899999999999999994, 0.01099999999999999936, 0.000000000000000000 ) ) ;
#800 = ORIENTED_EDGE ( 'NONE', *, *, #945, .T. ) ;
#801 = CARTESIAN_POINT ( 'NONE',  ( 0.04100000000000000172, 0.000000000000000000, 0.01474999999999999922 ) ) ;
#802 = CARTESIAN_POINT ( 'NONE',  ( 0.03839999999999999664, -0.006499999999999999702, 0.02500000000000000139 ) ) ;
#803 = EDGE_CURVE ( 'NONE', #1353, #795, #1392, .T. ) ;
#804 = VERTEX_POINT ( 'NONE', #91 ) ;
#805 = ORIENTED_EDGE ( 'NONE', *, *, #79, .F. ) ;
#806 = VECTOR ( 'NONE', #412, 1.000000000000000000 ) ;
#807 = DIRECTION ( 'NONE',  ( 1.000000000000000000, 0.000000000000000000, 0.000000000000000000 ) ) ;
#808 =( NAMED_UNIT ( * ) SI_UNIT ( $, .STERADIAN. ) SOLID_ANGLE_UNIT ( ) );
#809 = DIRECTION ( 'NONE',  ( 1.000000000000000000, 0.000000000000000000, 0.000000000000000000 ) ) ;
#810 = ORIENTED_EDGE ( 'NONE', *, *, #1576, .F. ) ;
#811 = CARTESIAN_POINT ( 'NONE',  ( 1.405724196050170031E-18, -0.01025000000000000043, 0.03020000000000000115 ) ) ;
#812 = DIRECTION ( 'NONE',  ( 1.000000000000000000, 0.000000000000000000, 0.000000000000000000 ) ) ;
#813 = PRODUCT_DEFINITION_CONTEXT ( 'detailed design', #262, 'design' ) ;
#814 = VERTEX_POINT ( 'NONE', #1499 ) ;
#815 = ORIENTED_EDGE ( 'NONE', *, *, #1925, .F. ) ;
#816 = SURFACE_STYLE_USAGE ( .BOTH. , #1098 ) ;
#817 = CARTESIAN_POINT ( 'NONE',  ( 1.405724196050170031E-18, -0.01025000000000000043, 0.03020000000000000115 ) ) ;
#818 = CARTESIAN_POINT ( 'NONE',  ( -0.005000000000000000104, -0.01299999999999999940, 0.02759999999999999953 ) ) ;
#819 = ADVANCED_FACE ( 'NONE', ( #551 ), #729, .F. ) ;
#820 = DIRECTION ( 'NONE',  ( 0.000000000000000000, 0.000000000000000000, -1.000000000000000000 ) ) ;
#821 = DIRECTION ( 'NONE',  ( -1.000000000000000000, 0.000000000000000000, 0.000000000000000000 ) ) ;
#822 = DIRECTION ( 'NONE',  ( 0.000000000000000000, 0.000000000000000000, 1.000000000000000000 ) ) ;
#823 = EDGE_LOOP ( 'NONE', ( #1816, #415, #759, #1422, #1912, #841, #1529, #559, #889, #1404, #1216, #1813, #417, #373, #242, #1048, #234, #1256 ) ) ;
#824 = EDGE_LOOP ( 'NONE', ( #1305, #946, #1092, #382 ) ) ;
#825 = LINE ( 'NONE', #1790, #1179 ) ;
#826 = EDGE_CURVE ( 'NONE', #864, #332, #1752, .T. ) ;
#827 = AXIS2_PLACEMENT_3D ( 'NONE', #324, #1373, #1204 ) ;
#828 = CARTESIAN_POINT ( 'NONE',  ( 0.03780000000000000027, -0.004499999999999999660, 0.01875000000000000278 ) ) ;
#829 = PLANE ( 'NONE',  #693 ) ;
#830 = CARTESIAN_POINT ( 'NONE',  ( 0.002200000000000001434, -0.01025000000000000043, 0.03020000000000000115 ) ) ;
#831 = CARTESIAN_POINT ( 'NONE',  ( 0.004000000000000002685, 0.01299999999999999940, 0.03020000000000000115 ) ) ;
#832 = AXIS2_PLACEMENT_3D ( 'NONE', #27, #219, #1310 ) ;
#833 = EDGE_LOOP ( 'NONE', ( #539, #2, #163, #336, #43 ) ) ;
#834 = EDGE_LOOP ( 'NONE', ( #266, #475, #19 ) ) ;
#835 = CARTESIAN_POINT ( 'NONE',  ( 0.03899999999999999994, 0.006499999999999999702, 0.008750000000000000833 ) ) ;
#836 = AXIS2_PLACEMENT_3D ( 'NONE', #1418, #1756, #1407 ) ;
#837 = LINE ( 'NONE', #1440, #1851 ) ;
#838 = CARTESIAN_POINT ( 'NONE',  ( -0.01600000000000000033, -9.950255243072231202E-20, 0.01474999999999999922 ) ) ;
#839 = DIRECTION ( 'NONE',  ( -1.000000000000000000, 0.000000000000000000, 0.000000000000000000 ) ) ;
#840 = PLANE ( 'NONE',  #513 ) ;
#841 = ORIENTED_EDGE ( 'NONE', *, *, #430, .T. ) ;
#842 = VERTEX_POINT ( 'NONE', #1526 ) ;
#843 = ORIENTED_EDGE ( 'NONE', *, *, #1182, .F. ) ;
#844 = EDGE_CURVE ( 'NONE', #958, #390, #1848, .T. ) ;
#845 = CARTESIAN_POINT ( 'NONE',  ( 1.405724196050170031E-18, 0.01025000000000000043, 0.03020000000000000115 ) ) ;
#846 = CARTESIAN_POINT ( 'NONE',  ( -0.03780000000000000027, 0.005499999999999999681, 0.02500000000000000139 ) ) ;
#847 = LINE ( 'NONE', #1611, #751 ) ;
#848 = DIRECTION ( 'NONE',  ( 0.000000000000000000, 1.000000000000000000, 0.000000000000000000 ) ) ;
#849 = CIRCLE ( 'NONE', #1628, 0.002200000000000000133 ) ;
#850 = CARTESIAN_POINT ( 'NONE',  ( 0.03899999999999999994, -0.01299999999999999940, 0.02500000000000000139 ) ) ;
#851 = EDGE_LOOP ( 'NONE', ( #810, #1616, #1944, #1627 ) ) ;
#852 = VERTEX_POINT ( 'NONE', #446 ) ;
#853 = ADVANCED_FACE ( 'NONE', ( #439 ), #1401, .T. ) ;
#854 = ADVANCED_FACE ( 'NONE', ( #773 ), #164, .F. ) ;
#855 = DIRECTION ( 'NONE',  ( 1.000000000000000000, 0.000000000000000000, 0.000000000000000000 ) ) ;
#856 = LINE ( 'NONE', #711, #129 ) ;
#857 = DIRECTION ( 'NONE',  ( 1.000000000000000000, 0.000000000000000000, 0.000000000000000000 ) ) ;
#858 = LINE ( 'NONE', #1660, #926 ) ;
#859 = DIRECTION ( 'NONE',  ( 0.000000000000000000, -1.000000000000000000, 0.000000000000000000 ) ) ;
#860 = DIRECTION ( 'NONE',  ( 0.000000000000000000, 0.000000000000000000, 1.000000000000000000 ) ) ;
#861 = EDGE_CURVE ( 'NONE', #687, #1390, #1555, .T. ) ;
#862 = VECTOR ( 'NONE', #261, 1.000000000000000000 ) ;
#863 = ORIENTED_EDGE ( 'NONE', *, *, #204, .F. ) ;
#864 = VERTEX_POINT ( 'NONE', #175 ) ;
#865 = DIRECTION ( 'NONE',  ( 0.000000000000000000, 0.000000000000000000, -1.000000000000000000 ) ) ;
#866 = EDGE_CURVE ( 'NONE', #687, #842, #312, .T. ) ;
#867 = AXIS2_PLACEMENT_3D ( 'NONE', #887, #131, #1674 ) ;
#868 = CARTESIAN_POINT ( 'NONE',  ( 0.002200000000000001434, -0.01025000000000000043, 0.03020000000000000115 ) ) ;
#869 = FACE_OUTER_BOUND ( 'NONE', #1551, .T. ) ;
#870 = DIRECTION ( 'NONE',  ( 0.000000000000000000, -1.000000000000000000, 0.000000000000000000 ) ) ;
#871 = VERTEX_POINT ( 'NONE', #1211 ) ;
#872 = CARTESIAN_POINT ( 'NONE',  ( 0.02000000000000000042, -9.950255243072231202E-20, 0.01474999999999999922 ) ) ;
#873 = ORIENTED_EDGE ( 'NONE', *, *, #736, .T. ) ;
#874 = ORIENTED_EDGE ( 'NONE', *, *, #552, .T. ) ;
#875 = AXIS2_PLACEMENT_3D ( 'NONE', #1366, #473, #927 ) ;
#876 = EDGE_LOOP ( 'NONE', ( #733, #1889, #1615 ) ) ;
#877 = VECTOR ( 'NONE', #1858, 1.000000000000000000 ) ;
#878 = CARTESIAN_POINT ( 'NONE',  ( -0.03699999999999999817, -0.004499999999999999660, 0.02500000000000000139 ) ) ;
#879 = EDGE_CURVE ( 'NONE', #1335, #1624, #1391, .T. ) ;
#880 = CARTESIAN_POINT ( 'NONE',  ( 0.000000000000000000, 0.01025000000000000043, 0.004499999999999999660 ) ) ;
#881 = DIRECTION ( 'NONE',  ( 1.000000000000000000, 0.000000000000000000, 0.000000000000000000 ) ) ;
#882 = CARTESIAN_POINT ( 'NONE',  ( 1.734723475976799968E-18, -0.01299999999999999940, 0.03020000000000000115 ) ) ;
#883 = EDGE_CURVE ( 'NONE', #195, #804, #936, .T. ) ;
#884 = ADVANCED_FACE ( 'NONE', ( #923 ), #620, .T. ) ;
#885 = ORIENTED_EDGE ( 'NONE', *, *, #1671, .F. ) ;
#886 = VECTOR ( 'NONE', #320, 1.000000000000000000 ) ;
#887 = CARTESIAN_POINT ( 'NONE',  ( 0.01600000000000000033, 0.000000000000000000, 0.01474999999999999922 ) ) ;
#888 = VECTOR ( 'NONE', #943, 1.000000000000000000 ) ;
#889 = ORIENTED_EDGE ( 'NONE', *, *, #630, .T. ) ;
#890 = VERTEX_POINT ( 'NONE', #14 ) ;
#891 = CARTESIAN_POINT ( 'NONE',  ( -0.02000000000000000042, 0.01025000000000000043, 0.009624999999999999875 ) ) ;
#892 = EDGE_CURVE ( 'NONE', #1084, #1649, #1682, .T. ) ;
#893 = CYLINDRICAL_SURFACE ( 'NONE', #771, 0.002200000000000000133 ) ;
#894 = LINE ( 'NONE', #1679, #601 ) ;
#895 = ORIENTED_EDGE ( 'NONE', *, *, #1087, .T. ) ;
#896 = DIRECTION ( 'NONE',  ( 0.000000000000000000, 0.000000000000000000, -1.000000000000000000 ) ) ;
#897 = VECTOR ( 'NONE', #1751, 1.000000000000000000 ) ;
#898 = DIRECTION ( 'NONE',  ( 0.000000000000000000, 1.000000000000000000, 0.000000000000000000 ) ) ;
#899 = CARTESIAN_POINT ( 'NONE',  ( -0.03899999999999999994, 0.000000000000000000, 0.01625000000000000056 ) ) ;
#900 = CARTESIAN_POINT ( 'NONE',  ( -0.03899999999999999994, -0.006499999999999999702, 0.02500000000000000139 ) ) ;
#901 = VECTOR ( 'NONE', #1715, 1.000000000000000000 ) ;
#902 = EDGE_LOOP ( 'NONE', ( #609, #2003, #466, #1127 ) ) ;
#903 = DIRECTION ( 'NONE',  ( 1.000000000000000000, 0.000000000000000000, 0.000000000000000000 ) ) ;
#904 = EDGE_CURVE ( 'NONE', #65, #1169, #1803, .T. ) ;
#905 = LINE ( 'NONE', #594, #1963 ) ;
#906 = CYLINDRICAL_SURFACE ( 'NONE', #1886, 0.002000000000000001776 ) ;
#907 = CARTESIAN_POINT ( 'NONE',  ( -0.03699999999999999817, 0.01025000000000000043, 0.02500000000000000139 ) ) ;
#908 = ORIENTED_EDGE ( 'NONE', *, *, #921, .F. ) ;
#909 = DIRECTION ( 'NONE',  ( 0.000000000000000000, -1.000000000000000000, 0.000000000000000000 ) ) ;
#910 = ADVANCED_FACE ( 'NONE', ( #1989 ), #1825, .T. ) ;
#911 = ORIENTED_EDGE ( 'NONE', *, *, #1635, .F. ) ;
#912 = EDGE_CURVE ( 'NONE', #1921, #687, #1220, .T. ) ;
#913 = DIRECTION ( 'NONE',  ( 1.196361017915039732E-16, 1.000000000000000000, 0.000000000000000000 ) ) ;
#914 = AXIS2_PLACEMENT_3D ( 'NONE', #1292, #379, #822 ) ;
#915 = DIRECTION ( 'NONE',  ( 1.196361017915039732E-16, -1.000000000000000000, 0.000000000000000000 ) ) ;
#916 = FACE_OUTER_BOUND ( 'NONE', #636, .T. ) ;
#917 = ORIENTED_EDGE ( 'NONE', *, *, #1651, .F. ) ;
#918 = ORIENTED_EDGE ( 'NONE', *, *, #374, .F. ) ;
#919 = FACE_OUTER_BOUND ( 'NONE', #902, .T. ) ;
#920 = VECTOR ( 'NONE', #1709, 1.000000000000000000 ) ;
#921 = EDGE_CURVE ( 'NONE', #1727, #56, #905, .T. ) ;
#922 = ORIENTED_EDGE ( 'NONE', *, *, #172, .F. ) ;
#923 = FACE_OUTER_BOUND ( 'NONE', #1434, .T. ) ;
#924 = CIRCLE ( 'NONE', #318, 0.002000000000000001776 ) ;
#925 = PLANE ( 'NONE',  #1875 ) ;
#926 = VECTOR ( 'NONE', #1940, 1.000000000000000000 ) ;
#927 = DIRECTION ( 'NONE',  ( 0.000000000000000000, 0.000000000000000000, 1.000000000000000000 ) ) ;
#928 = EDGE_CURVE ( 'NONE', #795, #1110, #1069, .T. ) ;
#929 = ORIENTED_EDGE ( 'NONE', *, *, #566, .T. ) ;
#930 = VERTEX_POINT ( 'NONE', #156 ) ;
#931 = CARTESIAN_POINT ( 'NONE',  ( 0.04739999999999999769, 0.000000000000000000, 0.01625000000000000056 ) ) ;
#932 = AXIS2_PLACEMENT_3D ( 'NONE', #1583, #495, #1735 ) ;
#933 = UNCERTAINTY_MEASURE_WITH_UNIT (LENGTH_MEASURE( 1.000000000000000082E-05 ), #1253, 'distance_accuracy_value', 'NONE');
#934 = CARTESIAN_POINT ( 'NONE',  ( 0.005000000000000000104, 0.01299999999999999940, 0.03020000000000000115 ) ) ;
#935 = ORIENTED_EDGE ( 'NONE', *, *, #470, .F. ) ;
#936 = LINE ( 'NONE', #1534, #1375 ) ;
#937 = LINE ( 'NONE', #187, #388 ) ;
#938 = DIRECTION ( 'NONE',  ( 0.000000000000000000, 1.000000000000000000, 0.000000000000000000 ) ) ;
#939 = APPLICATION_CONTEXT ( 'automotive_design' ) ;
#940 = ORIENTED_EDGE ( 'NONE', *, *, #1362, .T. ) ;
#941 = DIRECTION ( 'NONE',  ( 1.000000000000000000, -2.312964634635739999E-16, 0.000000000000000000 ) ) ;
#942 = EDGE_CURVE ( 'NONE', #400, #1043, #1537, .T. ) ;
#943 = DIRECTION ( 'NONE',  ( 0.000000000000000000, 0.000000000000000000, -1.000000000000000000 ) ) ;
#944 = VECTOR ( 'NONE', #1644, 1.000000000000000000 ) ;
#945 = EDGE_CURVE ( 'NONE', #474, #986, #967, .T. ) ;
#946 = ORIENTED_EDGE ( 'NONE', *, *, #351, .F. ) ;
#947 = EDGE_LOOP ( 'NONE', ( #805, #275, #777, #674 ) ) ;
#948 = VECTOR ( 'NONE', #1895, 1.000000000000000000 ) ;
#949 = CARTESIAN_POINT ( 'NONE',  ( 0.000000000000000000, -0.01025000000000000043, 0.004499999999999999660 ) ) ;
#950 = VECTOR ( 'NONE', #321, 1.000000000000000000 ) ;
#951 = EDGE_CURVE ( 'NONE', #89, #1921, #980, .T. ) ;
#952 = CARTESIAN_POINT ( 'NONE',  ( 0.02000000000000000042, 0.01025000000000000043, 0.009624999999999999875 ) ) ;
#953 = VERTEX_POINT ( 'NONE', #676 ) ;
#954 = EDGE_LOOP ( 'NONE', ( #1540, #1883, #1922, #1345, #1973, #1116 ) ) ;
#955 = CARTESIAN_POINT ( 'NONE',  ( 0.04100000000000000172, 0.01099999999999999936, 0.000000000000000000 ) ) ;
#956 = SHAPE_DEFINITION_REPRESENTATION ( #284, #691 ) ;
#957 = ORIENTED_EDGE ( 'NONE', *, *, #650, .F. ) ;
#958 = VERTEX_POINT ( 'NONE', #24 ) ;
#959 = CIRCLE ( 'NONE', #350, 0.002200000000000000133 ) ;
#960 = DIRECTION ( 'NONE',  ( 0.000000000000000000, 0.000000000000000000, -1.000000000000000000 ) ) ;
#961 = DIRECTION ( 'NONE',  ( 0.000000000000000000, -1.000000000000000000, 0.000000000000000000 ) ) ;
#962 = DIRECTION ( 'NONE',  ( 0.000000000000000000, 0.000000000000000000, 1.000000000000000000 ) ) ;
#963 = FACE_OUTER_BOUND ( 'NONE', #17, .T. ) ;
#964 = ORIENTED_EDGE ( 'NONE', *, *, #1925, .T. ) ;
#965 = ORIENTED_EDGE ( 'NONE', *, *, #719, .F. ) ;
#966 = VECTOR ( 'NONE', #859, 1.000000000000000000 ) ;
#967 = LINE ( 'NONE', #57, #1023 ) ;
#968 = EDGE_CURVE ( 'NONE', #1043, #327, #1566, .T. ) ;
#969 = CARTESIAN_POINT ( 'NONE',  ( -0.002199999999999998398, 0.01148962066388090064, 0.03020000000000000115 ) ) ;
#970 = CARTESIAN_POINT ( 'NONE',  ( 0.000000000000000000, 0.01299999999999999940, 0.000000000000000000 ) ) ;
#971 = DIRECTION ( 'NONE',  ( -1.000000000000000000, 0.000000000000000000, 0.000000000000000000 ) ) ;
#972 = SHAPE_REPRESENTATION ( 'Battery Holder', ( #31 ), #1716 ) ;
#973 = CARTESIAN_POINT ( 'NONE',  ( -0.02000000000000000042, -9.950255243072231202E-20, 0.01474999999999999922 ) ) ;
#974 = CARTESIAN_POINT ( 'NONE',  ( -0.02000000000000000042, -0.005125000000000000215, 0.004499999999999999660 ) ) ;
#975 = VECTOR ( 'NONE', #1558, 1.000000000000000000 ) ;
#976 = ORIENTED_EDGE ( 'NONE', *, *, #1011, .T. ) ;
#977 = EDGE_CURVE ( 'NONE', #485, #1378, #1282, .T. ) ;
#978 = VERTEX_POINT ( 'NONE', #1598 ) ;
#979 = ORIENTED_EDGE ( 'NONE', *, *, #12, .T. ) ;
#980 = LINE ( 'NONE', #949, #155 ) ;
#981 = VECTOR ( 'NONE', #227, 1.000000000000000000 ) ;
#982 = AXIS2_PLACEMENT_3D ( 'NONE', #838, #1026, #1461 ) ;
#983 = DIRECTION ( 'NONE',  ( 1.000000000000000000, 0.000000000000000000, 0.000000000000000000 ) ) ;
#984 = CARTESIAN_POINT ( 'NONE',  ( 0.04739999999999999769, 0.000000000000000000, 0.01474999999999999922 ) ) ;
#985 = LINE ( 'NONE', #567, #1562 ) ;
#986 = VERTEX_POINT ( 'NONE', #1880 ) ;
#987 = ORIENTED_EDGE ( 'NONE', *, *, #1475, .F. ) ;
#988 = LINE ( 'NONE', #828, #669 ) ;
#989 = LINE ( 'NONE', #1783, #1238 ) ;
#990 = CARTESIAN_POINT ( 'NONE',  ( -0.04100000000000000172, 0.000000000000000000, 0.01474999999999999922 ) ) ;
#991 = CARTESIAN_POINT ( 'NONE',  ( 0.03899999999999999994, 0.000000000000000000, 0.01474999999999999922 ) ) ;
#992 = EDGE_CURVE ( 'NONE', #958, #206, #1286, .T. ) ;
#993 = DIRECTION ( 'NONE',  ( 0.000000000000000000, 1.000000000000000000, 0.000000000000000000 ) ) ;
#994 = ORIENTED_EDGE ( 'NONE', *, *, #443, .F. ) ;
#995 = ORIENTED_EDGE ( 'NONE', *, *, #1688, .F. ) ;
#996 = CIRCLE ( 'NONE', #62, 0.01025000000000000043 ) ;
#997 = DIRECTION ( 'NONE',  ( 0.000000000000000000, 1.000000000000000000, 0.000000000000000000 ) ) ;
#998 = AXIS2_PLACEMENT_3D ( 'NONE', #817, #1078, #1740 ) ;
#999 = CARTESIAN_POINT ( 'NONE',  ( 0.005000000000000000104, -0.01025000000000000043, 0.02500000000000000139 ) ) ;
#1000 = DIRECTION ( 'NONE',  ( -2.312964634635739999E-16, -1.000000000000000000, 0.000000000000000000 ) ) ;
#1001 = DIRECTION ( 'NONE',  ( 1.000000000000000000, 0.000000000000000000, 0.000000000000000000 ) ) ;
#1002 = ADVANCED_FACE ( 'NONE', ( #651 ), #1323, .T. ) ;
#1003 = EDGE_CURVE ( 'NONE', #54, #1857, #1083, .T. ) ;
#1004 = EDGE_CURVE ( 'NONE', #1110, #1091, #1748, .T. ) ;
#1005 = CARTESIAN_POINT ( 'NONE',  ( -0.03839999999999999664, 0.006499999999999999702, 0.008750000000000000833 ) ) ;
#1006 = ORIENTED_EDGE ( 'NONE', *, *, #1412, .F. ) ;
#1007 = ORIENTED_EDGE ( 'NONE', *, *, #1688, .T. ) ;
#1008 = ORIENTED_EDGE ( 'NONE', *, *, #1987, .F. ) ;
#1009 = LINE ( 'NONE', #1818, #69 ) ;
#1010 = CARTESIAN_POINT ( 'NONE',  ( 0.005000000000000000104, -0.01025000000000000043, 0.03020000000000000115 ) ) ;
#1011 = EDGE_CURVE ( 'NONE', #1857, #1474, #218, .T. ) ;
#1012 = DIRECTION ( 'NONE',  ( -1.000000000000000000, 0.000000000000000000, 0.000000000000000000 ) ) ;
#1013 = CARTESIAN_POINT ( 'NONE',  ( 1.405724196050170031E-18, -0.01025000000000000043, 0.03020000000000000115 ) ) ;
#1014 = VECTOR ( 'NONE', #1678, 1.000000000000000000 ) ;
#1015 = AXIS2_PLACEMENT_3D ( 'NONE', #1025, #406, #1348 ) ;
#1016 = CARTESIAN_POINT ( 'NONE',  ( -0.002199999999999998831, 0.01025000000000000043, 0.03020000000000000115 ) ) ;
#1017 = ORIENTED_EDGE ( 'NONE', *, *, #968, .T. ) ;
#1018 = CARTESIAN_POINT ( 'NONE',  ( -0.04100000000000000172, 0.000000000000000000, 0.01474999999999999922 ) ) ;
#1019 = VECTOR ( 'NONE', #1430, 1.000000000000000000 ) ;
#1020 = ORIENTED_EDGE ( 'NONE', *, *, #735, .T. ) ;
#1021 = ORIENTED_EDGE ( 'NONE', *, *, #177, .T. ) ;
#1022 = CARTESIAN_POINT ( 'NONE',  ( 0.03740000000000000269, -0.004499999999999999660, 0.008750000000000000833 ) ) ;
#1023 = VECTOR ( 'NONE', #1271, 1.000000000000000000 ) ;
#1024 = AXIS2_PLACEMENT_3D ( 'NONE', #882, #1976, #589 ) ;
#1025 = CARTESIAN_POINT ( 'NONE',  ( 0.000000000000000000, 0.01299999999999999940, 0.02500000000000000139 ) ) ;
#1026 = DIRECTION ( 'NONE',  ( -1.000000000000000000, 0.000000000000000000, 0.000000000000000000 ) ) ;
#1027 = CARTESIAN_POINT ( 'NONE',  ( -0.003999999999999998349, 0.01299999999999999940, 0.03020000000000000115 ) ) ;
#1028 = ORIENTED_EDGE ( 'NONE', *, *, #1962, .F. ) ;
#1029 = FACE_OUTER_BOUND ( 'NONE', #1219, .T. ) ;
#1030 = VERTEX_POINT ( 'NONE', #1424 ) ;
#1031 = ORIENTED_EDGE ( 'NONE', *, *, #268, .F. ) ;
#1032 = EDGE_CURVE ( 'NONE', #1335, #930, #1481, .T. ) ;
#1033 = DIRECTION ( 'NONE',  ( 0.000000000000000000, 1.000000000000000000, 0.000000000000000000 ) ) ;
#1034 = VECTOR ( 'NONE', #183, 1.000000000000000000 ) ;
#1035 = CARTESIAN_POINT ( 'NONE',  ( 0.04100000000000000172, -0.01099999999999999936, 0.02500000000000000139 ) ) ;
#1036 = CARTESIAN_POINT ( 'NONE',  ( -0.03699999999999999817, 0.01025000000000000043, 0.004499999999999999660 ) ) ;
#1037 = DIRECTION ( 'NONE',  ( 1.000000000000000000, 0.000000000000000000, 0.000000000000000000 ) ) ;
#1038 = CIRCLE ( 'NONE', #479, 0.002000000000000001776 ) ;
#1039 = ORIENTED_EDGE ( 'NONE', *, *, #1249, .T. ) ;
#1040 = CARTESIAN_POINT ( 'NONE',  ( -0.03699999999999999817, 0.000000000000000000, 0.004499999999999999660 ) ) ;
#1041 = EDGE_LOOP ( 'NONE', ( #1466, #1306, #744, #500 ) ) ;
#1042 = EDGE_CURVE ( 'NONE', #56, #1456, #1118, .T. ) ;
#1043 = VERTEX_POINT ( 'NONE', #487 ) ;
#1044 = AXIS2_PLACEMENT_3D ( 'NONE', #1231, #1076, #1699 ) ;
#1045 = DIRECTION ( 'NONE',  ( 1.000000000000000000, 0.000000000000000000, 0.000000000000000000 ) ) ;
#1046 = DIRECTION ( 'NONE',  ( -1.000000000000000000, 2.312964634635739999E-16, 0.000000000000000000 ) ) ;
#1047 = LINE ( 'NONE', #408, #1810 ) ;
#1048 = ORIENTED_EDGE ( 'NONE', *, *, #1042, .T. ) ;
#1049 = VECTOR ( 'NONE', #701, 1.000000000000000000 ) ;
#1050 = CARTESIAN_POINT ( 'NONE',  ( 0.03699999999999999817, 0.01025000000000000043, 0.02500000000000000139 ) ) ;
#1051 = VECTOR ( 'NONE', #1659, 1.000000000000000000 ) ;
#1052 = DIRECTION ( 'NONE',  ( -1.000000000000000000, 0.000000000000000000, 0.000000000000000000 ) ) ;
#1053 = DIRECTION ( 'NONE',  ( -1.196361017915039732E-16, -1.000000000000000000, 0.000000000000000000 ) ) ;
#1054 = DIRECTION ( 'NONE',  ( 1.000000000000000000, -0.000000000000000000, -0.000000000000000000 ) ) ;
#1055 = ORIENTED_EDGE ( 'NONE', *, *, #781, .F. ) ;
#1056 = CARTESIAN_POINT ( 'NONE',  ( -0.04100000000000000172, -0.01099999999999999936, 0.000000000000000000 ) ) ;
#1057 = EDGE_CURVE ( 'NONE', #206, #778, #825, .T. ) ;
#1058 = VECTOR ( 'NONE', #490, 1.000000000000000000 ) ;
#1059 = DIRECTION ( 'NONE',  ( 0.000000000000000000, 0.000000000000000000, -1.000000000000000000 ) ) ;
#1060 = DIRECTION ( 'NONE',  ( -1.000000000000000000, 0.000000000000000000, 0.000000000000000000 ) ) ;
#1061 = EDGE_CURVE ( 'NONE', #206, #1064, #1411, .T. ) ;
#1062 = CARTESIAN_POINT ( 'NONE',  ( 1.734723475976799968E-18, -0.01299999999999999940, 0.03020000000000000115 ) ) ;
#1063 = AXIS2_PLACEMENT_3D ( 'NONE', #264, #95, #528 ) ;
#1064 = VERTEX_POINT ( 'NONE', #1638 ) ;
#1065 = LINE ( 'NONE', #1123, #901 ) ;
#1066 = ADVANCED_FACE ( 'NONE', ( #1719 ), #639, .F. ) ;
#1067 = ORIENTED_EDGE ( 'NONE', *, *, #1672, .T. ) ;
#1068 = MANIFOLD_SOLID_BREP ( 'Part 1[1]', #369 ) ;
#1069 = LINE ( 'NONE', #304, #761 ) ;
#1070 = CARTESIAN_POINT ( 'NONE',  ( 0.000000000000000000, 0.000000000000000000, 0.004499999999999999660 ) ) ;
#1071 = FACE_OUTER_BOUND ( 'NONE', #715, .T. ) ;
#1072 = EDGE_LOOP ( 'NONE', ( #381, #1737, #1255, #1283, #752, #269, #1837, #1261 ) ) ;
#1073 = ORIENTED_EDGE ( 'NONE', *, *, #977, .T. ) ;
#1074 = LINE ( 'NONE', #469, #165 ) ;
#1075 = ORIENTED_EDGE ( 'NONE', *, *, #545, .T. ) ;
#1076 = DIRECTION ( 'NONE',  ( 0.000000000000000000, 0.000000000000000000, 1.000000000000000000 ) ) ;
#1077 = VECTOR ( 'NONE', #839, 1.000000000000000000 ) ;
#1078 = DIRECTION ( 'NONE',  ( 1.196361017915039732E-16, -1.000000000000000000, 0.000000000000000000 ) ) ;
#1079 = DIRECTION ( 'NONE',  ( 0.000000000000000000, 0.000000000000000000, -1.000000000000000000 ) ) ;
#1080 = ORIENTED_EDGE ( 'NONE', *, *, #1600, .F. ) ;
#1081 = CARTESIAN_POINT ( 'NONE',  ( 0.000000000000000000, -0.01299999999999999940, 0.02500000000000000139 ) ) ;
#1082 = CARTESIAN_POINT ( 'NONE',  ( -0.04100000000000000172, 0.01099999999999999936, 0.02500000000000000139 ) ) ;
#1083 = CIRCLE ( 'NONE', #1115, 0.005000000000000000104 ) ;
#1084 = VERTEX_POINT ( 'NONE', #1588 ) ;
#1085 = EDGE_CURVE ( 'NONE', #716, #769, #527, .T. ) ;
#1086 = DIRECTION ( 'NONE',  ( 0.000000000000000000, 0.000000000000000000, -1.000000000000000000 ) ) ;
#1087 = EDGE_CURVE ( 'NONE', #1545, #1777, #222, .T. ) ;
#1088 = EDGE_CURVE ( 'NONE', #1649, #624, #1276, .T. ) ;
#1089 = CARTESIAN_POINT ( 'NONE',  ( -0.04100000000000000172, 0.000000000000000000, -0.006499999999999999702 ) ) ;
#1090 = LINE ( 'NONE', #178, #718 ) ;
#1091 = VERTEX_POINT ( 'NONE', #831 ) ;
#1092 = ORIENTED_EDGE ( 'NONE', *, *, #1651, .T. ) ;
#1093 = LINE ( 'NONE', #1103, #401 ) ;
#1094 = ORIENTED_EDGE ( 'NONE', *, *, #1817, .T. ) ;
#1095 = VECTOR ( 'NONE', #176, 1.000000000000000000 ) ;
#1096 = EDGE_LOOP ( 'NONE', ( #633, #1148, #1226, #1943, #125, #267, #1932, #337, #411, #1020, #1496, #625, #843, #511, #698, #957 ) ) ;
#1097 = EDGE_CURVE ( 'NONE', #871, #1640, #213, .T. ) ;
#1098 = SURFACE_SIDE_STYLE ('',( #343 ) ) ;
#1099 =( NAMED_UNIT ( * ) PLANE_ANGLE_UNIT ( ) SI_UNIT ( $, .RADIAN. ) );
#1100 = CARTESIAN_POINT ( 'NONE',  ( -0.03899999999999999994, 1.734723475976799968E-18, 0.008750000000000000833 ) ) ;
#1101 = ORIENTED_EDGE ( 'NONE', *, *, #992, .T. ) ;
#1102 = ORIENTED_EDGE ( 'NONE', *, *, #612, .T. ) ;
#1103 = CARTESIAN_POINT ( 'NONE',  ( -0.03899999999999999994, -0.006499999999999999702, 0.008750000000000000833 ) ) ;
#1104 = ORIENTED_EDGE ( 'NONE', *, *, #257, .T. ) ;
#1105 = ORIENTED_EDGE ( 'NONE', *, *, #1241, .T. ) ;
#1106 = DIRECTION ( 'NONE',  ( 0.000000000000000000, -1.000000000000000000, 0.000000000000000000 ) ) ;
#1107 = VECTOR ( 'NONE', #83, 1.000000000000000000 ) ;
#1108 = VECTOR ( 'NONE', #1428, 1.000000000000000000 ) ;
#1109 = CARTESIAN_POINT ( 'NONE',  ( 0.03699999999999999817, -0.004499999999999999660, 0.008750000000000000833 ) ) ;
#1110 = VERTEX_POINT ( 'NONE', #1765 ) ;
#1111 = DIRECTION ( 'NONE',  ( -1.000000000000000000, 0.000000000000000000, 0.000000000000000000 ) ) ;
#1112 = CARTESIAN_POINT ( 'NONE',  ( -0.005000000000000000104, 0.01299999999999999940, 0.02759999999999999953 ) ) ;
#1113 = ADVANCED_BREP_SHAPE_REPRESENTATION ( '', ( #1068, #31 ), #1716 ) ;
#1114 = ADVANCED_FACE ( 'NONE', ( #1918 ), #1452, .T. ) ;
#1115 = AXIS2_PLACEMENT_3D ( 'NONE', #512, #1739, #807 ) ;
#1116 = ORIENTED_EDGE ( 'NONE', *, *, #1296, .F. ) ;
#1117 = EDGE_LOOP ( 'NONE', ( #560, #1270, #122, #1420 ) ) ;
#1118 = LINE ( 'NONE', #1168, #217 ) ;
#1119 = VECTOR ( 'NONE', #1512, 1.000000000000000000 ) ;
#1120 = LINE ( 'NONE', #835, #1058 ) ;
#1121 = DIRECTION ( 'NONE',  ( 0.000000000000000000, 0.000000000000000000, -1.000000000000000000 ) ) ;
#1122 = ADVANCED_FACE ( 'NONE', ( #1604 ), #1612, .F. ) ;
#1123 = CARTESIAN_POINT ( 'NONE',  ( 0.03780000000000000027, 0.006499999999999999702, 0.008750000000000000833 ) ) ;
#1124 = CARTESIAN_POINT ( 'NONE',  ( 0.01600000000000000033, -9.950255243072231202E-20, 0.004499999999999999660 ) ) ;
#1125 = EDGE_CURVE ( 'NONE', #725, #737, #694, .T. ) ;
#1126 = ORIENTED_EDGE ( 'NONE', *, *, #670, .T. ) ;
#1127 = ORIENTED_EDGE ( 'NONE', *, *, #736, .F. ) ;
#1128 = VERTEX_POINT ( 'NONE', #1268 ) ;
#1129 = VECTOR ( 'NONE', #903, 1.000000000000000000 ) ;
#1130 = DIRECTION ( 'NONE',  ( 1.196361017915039732E-16, -1.000000000000000000, 0.000000000000000000 ) ) ;
#1131 = DIRECTION ( 'NONE',  ( 1.000000000000000000, 0.000000000000000000, 0.000000000000000000 ) ) ;
#1132 = PLANE ( 'NONE',  #1933 ) ;
#1133 = LINE ( 'NONE', #846, #1758 ) ;
#1134 = CARTESIAN_POINT ( 'NONE',  ( 1.734723475976799968E-18, 0.01299999999999999940, 0.03020000000000000115 ) ) ;
#1135 = DIRECTION ( 'NONE',  ( -1.000000000000000000, 0.000000000000000000, 0.000000000000000000 ) ) ;
#1136 = PRODUCT_RELATED_PRODUCT_CATEGORY ( 'part', '', ( #582 ) ) ;
#1137 = VECTOR ( 'NONE', #1935, 1.000000000000000000 ) ;
#1138 = VERTEX_POINT ( 'NONE', #1898 ) ;
#1139 = VERTEX_POINT ( 'NONE', #61 ) ;
#1140 = VECTOR ( 'NONE', #820, 1.000000000000000000 ) ;
#1142 = EDGE_CURVE ( 'NONE', #842, #1747, #508, .T. ) ;
#1141 = AXIS2_PLACEMENT_3D ( 'NONE', #1928, #534, #1155 ) ;
#1143 = DIRECTION ( 'NONE',  ( 0.000000000000000000, 0.000000000000000000, -1.000000000000000000 ) ) ;
#1144 = CARTESIAN_POINT ( 'NONE',  ( -0.03780000000000000027, 0.006499999999999999702, 0.008750000000000000833 ) ) ;
#1145 = DIRECTION ( 'NONE',  ( 1.000000000000000000, 0.000000000000000000, 0.000000000000000000 ) ) ;
#1146 = FACE_OUTER_BOUND ( 'NONE', #1801, .T. ) ;
#1147 = DIRECTION ( 'NONE',  ( 0.000000000000000000, 0.000000000000000000, -1.000000000000000000 ) ) ;
#1148 = ORIENTED_EDGE ( 'NONE', *, *, #1265, .T. ) ;
#1149 = ORIENTED_EDGE ( 'NONE', *, *, #719, .T. ) ;
#1150 = DIRECTION ( 'NONE',  ( -1.000000000000000000, -1.196361017915039732E-16, 0.000000000000000000 ) ) ;
#1151 = VECTOR ( 'NONE', #1591, 1.000000000000000000 ) ;
#1152 = EDGE_CURVE ( 'NONE', #1138, #1208, #1417, .T. ) ;
#1153 = ADVANCED_FACE ( 'NONE', ( #963 ), #229, .F. ) ;
#1154 = LINE ( 'NONE', #358, #658 ) ;
#1155 = DIRECTION ( 'NONE',  ( 1.000000000000000000, 0.000000000000000000, 0.000000000000000000 ) ) ;
#1156 = PLANE ( 'NONE',  #1384 ) ;
#1157 = PLANE ( 'NONE',  #710 ) ;
#1158 = ORIENTED_EDGE ( 'NONE', *, *, #1412, .T. ) ;
#1159 = ORIENTED_EDGE ( 'NONE', *, *, #584, .T. ) ;
#1160 = VECTOR ( 'NONE', #1845, 1.000000000000000000 ) ;
#1161 = ADVANCED_FACE ( 'NONE', ( #1442, #684 ), #202, .F. ) ;
#1162 = DIRECTION ( 'NONE',  ( -1.196361017915039732E-16, 1.000000000000000000, 0.000000000000000000 ) ) ;
#1163 = AXIS2_PLACEMENT_3D ( 'NONE', #193, #340, #203 ) ;
#1164 = DIRECTION ( 'NONE',  ( -1.000000000000000000, 0.000000000000000000, 0.000000000000000000 ) ) ;
#1165 = CARTESIAN_POINT ( 'NONE',  ( -0.03839999999999999664, 0.006499999999999999702, 0.008750000000000000833 ) ) ;
#1166 = DIRECTION ( 'NONE',  ( 1.000000000000000000, 0.000000000000000000, 0.000000000000000000 ) ) ;
#1167 = DIRECTION ( 'NONE',  ( -1.000000000000000000, 0.000000000000000000, 0.000000000000000000 ) ) ;
#1168 = CARTESIAN_POINT ( 'NONE',  ( 0.005000000000000000104, -0.01025000000000000043, 0.02500000000000000139 ) ) ;
#1169 = VERTEX_POINT ( 'NONE', #1124 ) ;
#1170 = ORIENTED_EDGE ( 'NONE', *, *, #883, .F. ) ;
#1171 = ORIENTED_EDGE ( 'NONE', *, *, #794, .T. ) ;
#1172 = CARTESIAN_POINT ( 'NONE',  ( -0.005000000000000000104, -0.01025000000000000043, 0.02759999999999999953 ) ) ;
#1173 = CARTESIAN_POINT ( 'NONE',  ( -0.03699999999999999817, -0.004499999999999999660, 0.01875000000000000278 ) ) ;
#1174 = DIRECTION ( 'NONE',  ( 0.000000000000000000, -1.000000000000000000, 0.000000000000000000 ) ) ;
#1175 = DIRECTION ( 'NONE',  ( 1.000000000000000000, 0.000000000000000000, 0.000000000000000000 ) ) ;
#1176 = VECTOR ( 'NONE', #821, 1.000000000000000000 ) ;
#1177 = ORIENTED_EDGE ( 'NONE', *, *, #11, .T. ) ;
#1178 = DIRECTION ( 'NONE',  ( 0.000000000000000000, 0.000000000000000000, -1.000000000000000000 ) ) ;
#1179 = VECTOR ( 'NONE', #398, 1.000000000000000000 ) ;
#1180 = ORIENTED_EDGE ( 'NONE', *, *, #314, .F. ) ;
#1181 = ORIENTED_EDGE ( 'NONE', *, *, #409, .T. ) ;
#1182 = EDGE_CURVE ( 'NONE', #88, #1390, #1744, .T. ) ;
#1183 = LINE ( 'NONE', #393, #1203 ) ;
#1184 = FACE_OUTER_BOUND ( 'NONE', #1325, .T. ) ;
#1185 = DIRECTION ( 'NONE',  ( 0.000000000000000000, 0.000000000000000000, 1.000000000000000000 ) ) ;
#1186 = LINE ( 'NONE', #1648, #862 ) ;
#1187 = ADVANCED_FACE ( 'NONE', ( #1146 ), #1755, .F. ) ;
#1188 = ORIENTED_EDGE ( 'NONE', *, *, #977, .F. ) ;
#1189 = LINE ( 'NONE', #726, #608 ) ;
#1190 = VECTOR ( 'NONE', #653, 1.000000000000000000 ) ;
#1191 = ORIENTED_EDGE ( 'NONE', *, *, #141, .T. ) ;
#1192 = CIRCLE ( 'NONE', #1610, 0.002000000000000001776 ) ;
#1193 = ORIENTED_EDGE ( 'NONE', *, *, #351, .T. ) ;
#1194 = CARTESIAN_POINT ( 'NONE',  ( -0.002199999999999998831, 0.01025000000000000043, 0.03020000000000000115 ) ) ;
#1195 = AXIS2_PLACEMENT_3D ( 'NONE', #1361, #1200, #1379 ) ;
#1196 = LINE ( 'NONE', #1339, #403 ) ;
#1197 = CARTESIAN_POINT ( 'NONE',  ( -0.03699999999999999817, -0.01025000000000000043, 0.004499999999999999660 ) ) ;
#1198 = CYLINDRICAL_SURFACE ( 'NONE', #256, 0.002000000000000001776 ) ;
#1199 = VERTEX_POINT ( 'NONE', #1929 ) ;
#1200 = DIRECTION ( 'NONE',  ( 0.000000000000000000, 0.000000000000000000, -1.000000000000000000 ) ) ;
#1201 = UNCERTAINTY_MEASURE_WITH_UNIT (LENGTH_MEASURE( 1.000000000000000082E-05 ), #1865, 'distance_accuracy_value', 'NONE');
#1202 = ORIENTED_EDGE ( 'NONE', *, *, #521, .F. ) ;
#1203 = VECTOR ( 'NONE', #708, 1.000000000000000000 ) ;
#1204 = DIRECTION ( 'NONE',  ( 0.000000000000000000, 0.000000000000000000, -1.000000000000000000 ) ) ;
#1205 = ADVANCED_FACE ( 'NONE', ( #535 ), #1156, .T. ) ;
#1206 = CARTESIAN_POINT ( 'NONE',  ( 1.405724196050170031E-18, -0.01025000000000000043, 0.03020000000000000115 ) ) ;
#1207 = FACE_OUTER_BOUND ( 'NONE', #834, .T. ) ;
#1208 = VERTEX_POINT ( 'NONE', #571 ) ;
#1209 = LINE ( 'NONE', #435, #96 ) ;
#1210 = CIRCLE ( 'NONE', #593, 0.01025000000000000043 ) ;
#1211 = CARTESIAN_POINT ( 'NONE',  ( -0.01600000000000000033, -0.01025000000000000043, 0.01474999999999999922 ) ) ;
#1212 = CARTESIAN_POINT ( 'NONE',  ( 0.03899999999999999994, -0.01299999999999999940, 0.000000000000000000 ) ) ;
#1213 = LINE ( 'NONE', #449, #1750 ) ;
#1214 = EDGE_CURVE ( 'NONE', #1169, #88, #73, .T. ) ;
#1215 = EDGE_CURVE ( 'NONE', #624, #672, #380, .T. ) ;
#1216 = ORIENTED_EDGE ( 'NONE', *, *, #1576, .T. ) ;
#1217 = LINE ( 'NONE', #310, #1486 ) ;
#1218 = CIRCLE ( 'NONE', #1899, 0.004000000000000000083 ) ;
#1219 = EDGE_LOOP ( 'NONE', ( #530, #1225, #303, #1021 ) ) ;
#1220 = LINE ( 'NONE', #1675, #1641 ) ;
#1221 = EDGE_CURVE ( 'NONE', #1866, #1128, #558, .T. ) ;
#1222 = CARTESIAN_POINT ( 'NONE',  ( -0.03899999999999999994, -0.01099999999999999936, -0.006499999999999999702 ) ) ;
#1223 = DIRECTION ( 'NONE',  ( 1.000000000000000000, -1.196361017915039732E-16, 0.000000000000000000 ) ) ;
#1224 = VECTOR ( 'NONE', #1542, 1.000000000000000000 ) ;
#1225 = ORIENTED_EDGE ( 'NONE', *, *, #1, .T. ) ;
#1226 = ORIENTED_EDGE ( 'NONE', *, *, #287, .T. ) ;
#1227 = CARTESIAN_POINT ( 'NONE',  ( 0.02000000000000000042, 0.005125000000000000215, 0.004499999999999999660 ) ) ;
#1228 = ADVANCED_FACE ( 'NONE', ( #1343 ), #840, .F. ) ;
#1229 = ORIENTED_EDGE ( 'NONE', *, *, #1574, .F. ) ;
#1230 = CIRCLE ( 'NONE', #875, 0.001500000000000001332 ) ;
#1231 = CARTESIAN_POINT ( 'NONE',  ( 0.000000000000000000, 0.000000000000000000, 0.000000000000000000 ) ) ;
#1232 = AXIS2_PLACEMENT_3D ( 'NONE', #1337, #1045, #997 ) ;
#1233 = CARTESIAN_POINT ( 'NONE',  ( 0.005000000000000000104, 0.01025000000000000043, 0.03020000000000000115 ) ) ;
#1234 = DIRECTION ( 'NONE',  ( -1.196361017915039732E-16, -1.000000000000000000, 0.000000000000000000 ) ) ;
#1235 = EDGE_LOOP ( 'NONE', ( #1778, #277, #1595 ) ) ;
#1236 = VERTEX_POINT ( 'NONE', #1959 ) ;
#1237 = FACE_OUTER_BOUND ( 'NONE', #1235, .T. ) ;
#1238 = VECTOR ( 'NONE', #690, 1.000000000000000000 ) ;
#1239 = CIRCLE ( 'NONE', #1467, 0.002200000000000000133 ) ;
#1240 = EDGE_CURVE ( 'NONE', #438, #233, #1189, .T. ) ;
#1241 = EDGE_CURVE ( 'NONE', #1640, #716, #714, .T. ) ;
#1242 = EDGE_LOOP ( 'NONE', ( #659, #1246, #1961, #1409 ) ) ;
#1243 = CARTESIAN_POINT ( 'NONE',  ( 0.03740000000000000269, 0.004499999999999999660, 0.008750000000000000833 ) ) ;
#1244 = PLANE ( 'NONE',  #135 ) ;
#1245 = DIRECTION ( 'NONE',  ( 0.000000000000000000, 0.000000000000000000, 1.000000000000000000 ) ) ;
#1246 = ORIENTED_EDGE ( 'NONE', *, *, #493, .T. ) ;
#1247 = VERTEX_POINT ( 'NONE', #1766 ) ;
#1248 = DIRECTION ( 'NONE',  ( 1.196361017915039732E-16, 1.000000000000000000, 0.000000000000000000 ) ) ;
#1249 = EDGE_CURVE ( 'NONE', #804, #438, #85, .T. ) ;
#1250 = SHAPE_DEFINITION_REPRESENTATION ( #1509, #972 ) ;
#1251 = ORIENTED_EDGE ( 'NONE', *, *, #879, .F. ) ;
#1252 = DIRECTION ( 'NONE',  ( 0.000000000000000000, 0.000000000000000000, -1.000000000000000000 ) ) ;
#1253 =( LENGTH_UNIT ( ) NAMED_UNIT ( * ) SI_UNIT ( $, .METRE. ) );
#1254 = FACE_OUTER_BOUND ( 'NONE', #1733, .T. ) ;
#1255 = ORIENTED_EDGE ( 'NONE', *, *, #36, .T. ) ;
#1256 = ORIENTED_EDGE ( 'NONE', *, *, #76, .T. ) ;
#1257 = CARTESIAN_POINT ( 'NONE',  ( 0.03780000000000000027, -0.006499999999999999702, 0.02500000000000000139 ) ) ;
#1258 = VECTOR ( 'NONE', #397, 1.000000000000000000 ) ;
#1259 =( NAMED_UNIT ( * ) PLANE_ANGLE_UNIT ( ) SI_UNIT ( $, .RADIAN. ) );
#1260 = ORIENTED_EDGE ( 'NONE', *, *, #86, .T. ) ;
#1261 = ORIENTED_EDGE ( 'NONE', *, *, #1607, .F. ) ;
#1262 = DIRECTION ( 'NONE',  ( 1.196361017915039732E-16, -1.000000000000000000, 0.000000000000000000 ) ) ;
#1263 = CARTESIAN_POINT ( 'NONE',  ( 0.000000000000000000, 0.000000000000000000, 0.008750000000000000833 ) ) ;
#1264 = CARTESIAN_POINT ( 'NONE',  ( -0.04100000000000000172, 0.000000000000000000, 0.02500000000000000139 ) ) ;
#1265 = EDGE_CURVE ( 'NONE', #255, #1410, #1332, .T. ) ;
#1266 = LINE ( 'NONE', #2004, #1920 ) ;
#1267 = CARTESIAN_POINT ( 'NONE',  ( -0.02000000000000000042, -0.01025000000000000043, 0.01474999999999999922 ) ) ;
#1268 = CARTESIAN_POINT ( 'NONE',  ( 0.03899999999999999994, -0.006499999999999999702, 0.02500000000000000139 ) ) ;
#1269 = ORIENTED_EDGE ( 'NONE', *, *, #1004, .F. ) ;
#1270 = ORIENTED_EDGE ( 'NONE', *, *, #1308, .F. ) ;
#1271 = DIRECTION ( 'NONE',  ( 0.000000000000000000, 0.000000000000000000, 1.000000000000000000 ) ) ;
#1272 = VECTOR ( 'NONE', #1478, 1.000000000000000000 ) ;
#1273 = EDGE_CURVE ( 'NONE', #75, #1030, #1622, .T. ) ;
#1274 = CARTESIAN_POINT ( 'NONE',  ( 0.01600000000000000033, -0.01025000000000000043, 0.009624999999999999875 ) ) ;
#1275 = DIRECTION ( 'NONE',  ( 0.000000000000000000, -1.000000000000000000, 0.000000000000000000 ) ) ;
#1276 = CIRCLE ( 'NONE', #404, 0.01025000000000000043 ) ;
#1277 = DIRECTION ( 'NONE',  ( -1.000000000000000000, 0.000000000000000000, 0.000000000000000000 ) ) ;
#1278 = EDGE_CURVE ( 'NONE', #1854, #1342, #1800, .T. ) ;
#1279 = CARTESIAN_POINT ( 'NONE',  ( -0.03699999999999999817, 0.004499999999999999660, 0.008750000000000000833 ) ) ;
#1280 = CARTESIAN_POINT ( 'NONE',  ( 0.000000000000000000, -0.01025000000000000043, 0.02500000000000000139 ) ) ;
#1281 = APPLICATION_PROTOCOL_DEFINITION ( 'draft international standard', 'automotive_design', 1998, #939 ) ;
#1282 = CIRCLE ( 'NONE', #1988, 0.001500000000000000031 ) ;
#1283 = ORIENTED_EDGE ( 'NONE', *, *, #1879, .F. ) ;
#1284 = ORIENTED_EDGE ( 'NONE', *, *, #844, .T. ) ;
#1285 = CIRCLE ( 'NONE', #762, 0.01025000000000000043 ) ;
#1286 = LINE ( 'NONE', #548, #663 ) ;
#1287 = DIRECTION ( 'NONE',  ( 0.000000000000000000, 0.000000000000000000, 1.000000000000000000 ) ) ;
#1288 = EDGE_CURVE ( 'NONE', #1890, #1084, #109, .T. ) ;
#1289 = CARTESIAN_POINT ( 'NONE',  ( 0.04100000000000000172, 0.000000000000000000, 0.01625000000000000056 ) ) ;
#1290 = CARTESIAN_POINT ( 'NONE',  ( 0.01600000000000000033, -0.01025000000000000043, 0.004499999999999999660 ) ) ;
#1291 = LINE ( 'NONE', #516, #950 ) ;
#1292 = CARTESIAN_POINT ( 'NONE',  ( 0.04739999999999999769, 0.000000000000000000, 0.01474999999999999922 ) ) ;
#1293 = EDGE_LOOP ( 'NONE', ( #1614, #150 ) ) ;
#1294 = ORIENTED_EDGE ( 'NONE', *, *, #892, .F. ) ;
#1295 = CIRCLE ( 'NONE', #1999, 0.01025000000000000043 ) ;
#1296 = EDGE_CURVE ( 'NONE', #1169, #672, #1295, .T. ) ;
#1297 = AXIS2_PLACEMENT_3D ( 'NONE', #489, #1887, #671 ) ;
#1298 = ORIENTED_EDGE ( 'NONE', *, *, #365, .T. ) ;
#1299 = LINE ( 'NONE', #1109, #18 ) ;
#1300 = CARTESIAN_POINT ( 'NONE',  ( 0.03899999999999999994, -0.01099999999999999936, 0.02500000000000000139 ) ) ;
#1301 = DIRECTION ( 'NONE',  ( -0.000000000000000000, 1.000000000000000000, 0.000000000000000000 ) ) ;
#1302 = CARTESIAN_POINT ( 'NONE',  ( 0.000000000000000000, 0.01025000000000000043, 0.004499999999999999660 ) ) ;
#1303 = AXIS2_PLACEMENT_3D ( 'NONE', #235, #1318, #1629 ) ;
#1304 = CARTESIAN_POINT ( 'NONE',  ( 0.03899999999999999994, -0.01299999999999999940, 0.02500000000000000139 ) ) ;
#1305 = ORIENTED_EDGE ( 'NONE', *, *, #1900, .F. ) ;
#1306 = ORIENTED_EDGE ( 'NONE', *, *, #230, .F. ) ;
#1307 = ADVANCED_FACE ( 'NONE', ( #1941 ), #1157, .T. ) ;
#1308 = EDGE_CURVE ( 'NONE', #1064, #890, #1636, .T. ) ;
#1309 = AXIS2_PLACEMENT_3D ( 'NONE', #1300, #1742, #1916 ) ;
#1310 = DIRECTION ( 'NONE',  ( 1.000000000000000000, 0.000000000000000000, 0.000000000000000000 ) ) ;
#1311 = CARTESIAN_POINT ( 'NONE',  ( 0.01600000000000000033, -0.01025000000000000043, 0.01474999999999999922 ) ) ;
#1312 = FACE_OUTER_BOUND ( 'NONE', #1117, .T. ) ;
#1313 = DIRECTION ( 'NONE',  ( -1.196361017915039732E-16, 1.000000000000000000, 0.000000000000000000 ) ) ;
#1314 = DIRECTION ( 'NONE',  ( 0.000000000000000000, 0.000000000000000000, 1.000000000000000000 ) ) ;
#1315 = ADVANCED_FACE ( 'NONE', ( #1029 ), #423, .F. ) ;
#1316 = ORIENTED_EDGE ( 'NONE', *, *, #196, .F. ) ;
#1317 = ORIENTED_EDGE ( 'NONE', *, *, #1182, .T. ) ;
#1318 = DIRECTION ( 'NONE',  ( 1.196361017915039732E-16, 1.000000000000000000, 0.000000000000000000 ) ) ;
#1319 = CARTESIAN_POINT ( 'NONE',  ( 0.03839999999999999664, 0.006499999999999999702, 0.008750000000000000833 ) ) ;
#1320 = DIRECTION ( 'NONE',  ( 1.000000000000000000, -1.196361017915039732E-16, 0.000000000000000000 ) ) ;
#1321 = CARTESIAN_POINT ( 'NONE',  ( -0.03899999999999999994, 1.836970198721030317E-19, 0.01324999999999999963 ) ) ;
#1322 = DIRECTION ( 'NONE',  ( 1.196361017915039732E-16, 1.000000000000000000, 0.000000000000000000 ) ) ;
#1323 = PLANE ( 'NONE',  #1701 ) ;
#1324 = ORIENTED_EDGE ( 'NONE', *, *, #545, .F. ) ;
#1325 = EDGE_LOOP ( 'NONE', ( #1397, #1017, #1717, #873, #458, #1704, #215, #1586 ) ) ;
#1326 = CONICAL_SURFACE ( 'NONE', #1839, 0.004000000000000000083, 0.8726646259971649888 ) ;
#1327 = LINE ( 'NONE', #891, #1823 ) ;
#1328 = DIRECTION ( 'NONE',  ( 1.000000000000000000, 0.000000000000000000, 0.000000000000000000 ) ) ;
#1329 = DIRECTION ( 'NONE',  ( -1.196361017915039732E-16, -1.000000000000000000, 0.000000000000000000 ) ) ;
#1330 = DIRECTION ( 'NONE',  ( 1.196361017915039732E-16, -1.000000000000000000, 0.000000000000000000 ) ) ;
#1331 = EDGE_CURVE ( 'NONE', #115, #1649, #996, .T. ) ;
#1332 = LINE ( 'NONE', #1662, #132 ) ;
#1333 =( NAMED_UNIT ( * ) SI_UNIT ( $, .STERADIAN. ) SOLID_ANGLE_UNIT ( ) );
#1334 = ORIENTED_EDGE ( 'NONE', *, *, #144, .T. ) ;
#1335 = VERTEX_POINT ( 'NONE', #547 ) ;
#1336 = ORIENTED_EDGE ( 'NONE', *, *, #1338, .F. ) ;
#1337 = CARTESIAN_POINT ( 'NONE',  ( 0.01600000000000000033, 0.000000000000000000, 0.01474999999999999922 ) ) ;
#1338 = EDGE_CURVE ( 'NONE', #108, #1139, #232, .T. ) ;
#1339 = CARTESIAN_POINT ( 'NONE',  ( -0.03780000000000000027, -0.006499999999999999702, 0.008750000000000000833 ) ) ;
#1340 = CARTESIAN_POINT ( 'NONE',  ( 0.03699999999999999817, -0.01025000000000000043, 0.02500000000000000139 ) ) ;
#1341 = DIRECTION ( 'NONE',  ( 0.000000000000000000, 1.000000000000000000, 0.000000000000000000 ) ) ;
#1342 = VERTEX_POINT ( 'NONE', #850 ) ;
#1343 = FACE_OUTER_BOUND ( 'NONE', #1072, .T. ) ;
#1344 = VECTOR ( 'NONE', #1130, 1.000000000000000000 ) ;
#1345 = ORIENTED_EDGE ( 'NONE', *, *, #1088, .T. ) ;
#1346 = EDGE_LOOP ( 'NONE', ( #263, #1075, #739, #1317, #749, #686 ) ) ;
#1347 = DIRECTION ( 'NONE',  ( 1.196361017915039732E-16, -1.000000000000000000, 0.000000000000000000 ) ) ;
#1348 = DIRECTION ( 'NONE',  ( 0.000000000000000000, 0.000000000000000000, -1.000000000000000000 ) ) ;
#1349 = DIRECTION ( 'NONE',  ( 1.000000000000000000, 0.000000000000000000, 0.000000000000000000 ) ) ;
#1350 = DIRECTION ( 'NONE',  ( -1.000000000000000000, 0.000000000000000000, 0.000000000000000000 ) ) ;
#1351 = EDGE_LOOP ( 'NONE', ( #1736, #1372, #1158, #352 ) ) ;
#1352 = DIRECTION ( 'NONE',  ( 0.000000000000000000, 0.000000000000000000, -1.000000000000000000 ) ) ;
#1353 = VERTEX_POINT ( 'NONE', #1016 ) ;
#1354 = EDGE_CURVE ( 'NONE', #769, #720, #1950, .T. ) ;
#1355 = ORIENTED_EDGE ( 'NONE', *, *, #968, .F. ) ;
#1356 = DIRECTION ( 'NONE',  ( 0.000000000000000000, 0.000000000000000000, 1.000000000000000000 ) ) ;
#1357 = CARTESIAN_POINT ( 'NONE',  ( -0.005000000000000000104, -0.01025000000000000043, 0.03020000000000000115 ) ) ;
#1358 = LINE ( 'NONE', #1949, #1695 ) ;
#1359 = VECTOR ( 'NONE', #440, 1.000000000000000000 ) ;
#1360 = ORIENTED_EDGE ( 'NONE', *, *, #488, .F. ) ;
#1361 = CARTESIAN_POINT ( 'NONE',  ( -0.03899999999999999994, 0.01099999999999999936, 0.02500000000000000139 ) ) ;
#1362 = EDGE_CURVE ( 'NONE', #1649, #13, #445, .T. ) ;
#1363 = ADVANCED_FACE ( 'NONE', ( #734 ), #1326, .F. ) ;
#1364 = CARTESIAN_POINT ( 'NONE',  ( 0.02000000000000000042, -0.005125000000000000215, 0.004499999999999999660 ) ) ;
#1365 = DIRECTION ( 'NONE',  ( 1.196361017915039732E-16, 1.000000000000000000, 0.000000000000000000 ) ) ;
#1366 = CARTESIAN_POINT ( 'NONE',  ( -0.03899999999999999994, 0.000000000000000000, 0.01474999999999999922 ) ) ;
#1367 = ORIENTED_EDGE ( 'NONE', *, *, #1, .F. ) ;
#1368 = FACE_BOUND ( 'NONE', #428, .T. ) ;
#1369 = AXIS2_PLACEMENT_3D ( 'NONE', #1691, #1046, #1185 ) ;
#1370 = VECTOR ( 'NONE', #1121, 1.000000000000000000 ) ;
#1371 = EDGE_CURVE ( 'NONE', #1247, #1727, #1996, .T. ) ;
#1372 = ORIENTED_EDGE ( 'NONE', *, *, #1394, .T. ) ;
#1373 = DIRECTION ( 'NONE',  ( 1.000000000000000000, 0.000000000000000000, 0.000000000000000000 ) ) ;
#1374 = PLANE ( 'NONE',  #642 ) ;
#1375 = VECTOR ( 'NONE', #455, 1.000000000000000000 ) ;
#1376 = DIRECTION ( 'NONE',  ( 1.196361017915039732E-16, -1.000000000000000000, 0.000000000000000000 ) ) ;
#1377 = VECTOR ( 'NONE', #299, 1.000000000000000000 ) ;
#1378 = VERTEX_POINT ( 'NONE', #760 ) ;
#1379 = DIRECTION ( 'NONE',  ( -1.000000000000000000, 0.000000000000000000, 0.000000000000000000 ) ) ;
#1380 = VERTEX_POINT ( 'NONE', #1056 ) ;
#1381 = DIRECTION ( 'NONE',  ( 0.000000000000000000, 0.000000000000000000, 1.000000000000000000 ) ) ;
#1382 = FACE_OUTER_BOUND ( 'NONE', #1346, .T. ) ;
#1383 = DIRECTION ( 'NONE',  ( 0.000000000000000000, -1.000000000000000000, 0.000000000000000000 ) ) ;
#1384 = AXIS2_PLACEMENT_3D ( 'NONE', #1773, #387, #1001 ) ;
#1385 = ORIENTED_EDGE ( 'NONE', *, *, #1868, .T. ) ;
#1386 = ORIENTED_EDGE ( 'NONE', *, *, #1987, .T. ) ;
#1387 = CARTESIAN_POINT ( 'NONE',  ( -0.005000000000000000104, -0.01299999999999999940, 0.03020000000000000115 ) ) ;
#1388 = ADVANCED_FACE ( 'NONE', ( #919 ), #1530, .T. ) ;
#1389 = PRODUCT_DEFINITION_FORMATION_WITH_SPECIFIED_SOURCE ( 'ANY', '', #244, .NOT_KNOWN. ) ;
#1390 = VERTEX_POINT ( 'NONE', #1978 ) ;
#1391 = LINE ( 'NONE', #136, #1444 ) ;
#1392 = CIRCLE ( 'NONE', #364, 0.002200000000000000133 ) ;
#1393 = DIRECTION ( 'NONE',  ( 0.000000000000000000, -1.000000000000000000, 0.000000000000000000 ) ) ;
#1394 = EDGE_CURVE ( 'NONE', #1457, #852, #1209, .T. ) ;
#1395 = CARTESIAN_POINT ( 'NONE',  ( 1.734723475976799968E-18, -0.01299999999999999940, 0.03020000000000000115 ) ) ;
#1396 = ORIENTED_EDGE ( 'NONE', *, *, #912, .T. ) ;
#1397 = ORIENTED_EDGE ( 'NONE', *, *, #504, .F. ) ;
#1398 = FACE_OUTER_BOUND ( 'NONE', #599, .T. ) ;
#1399 = CIRCLE ( 'NONE', #78, 0.005000000000000000104 ) ;
#1400 = ORIENTED_EDGE ( 'NONE', *, *, #1937, .F. ) ;
#1401 = CYLINDRICAL_SURFACE ( 'NONE', #780, 0.005000000000000000104 ) ;
#1402 = CARTESIAN_POINT ( 'NONE',  ( -0.01600000000000000033, 0.000000000000000000, 0.01474999999999999922 ) ) ;
#1403 = DIRECTION ( 'NONE',  ( 1.000000000000000000, 0.000000000000000000, 0.000000000000000000 ) ) ;
#1404 = ORIENTED_EDGE ( 'NONE', *, *, #1221, .T. ) ;
#1405 = EDGE_LOOP ( 'NONE', ( #728, #619, #648, #917 ) ) ;
#1406 = LINE ( 'NONE', #635, #888 ) ;
#1407 = DIRECTION ( 'NONE',  ( 1.000000000000000000, 0.000000000000000000, 0.000000000000000000 ) ) ;
#1408 = VECTOR ( 'NONE', #1033, 1.000000000000000000 ) ;
#1409 = ORIENTED_EDGE ( 'NONE', *, *, #1657, .T. ) ;
#1410 = VERTEX_POINT ( 'NONE', #1050 ) ;
#1411 = LINE ( 'NONE', #1892, #45 ) ;
#1412 = EDGE_CURVE ( 'NONE', #852, #1380, #460, .T. ) ;
#1413 = PLANE ( 'NONE',  #1780 ) ;
#1414 = CARTESIAN_POINT ( 'NONE',  ( 0.02000000000000000042, 0.01025000000000000043, 0.01474999999999999922 ) ) ;
#1415 = ORIENTED_EDGE ( 'NONE', *, *, #347, .T. ) ;
#1416 = FACE_OUTER_BOUND ( 'NONE', #1455, .T. ) ;
#1417 = CIRCLE ( 'NONE', #678, 0.001500000000000001332 ) ;
#1418 = CARTESIAN_POINT ( 'NONE',  ( 0.000000000000000000, 0.000000000000000000, 0.000000000000000000 ) ) ;
#1419 = EDGE_CURVE ( 'NONE', #864, #75, #1074, .T. ) ;
#1420 = ORIENTED_EDGE ( 'NONE', *, *, #314, .T. ) ;
#1421 = VECTOR ( 'NONE', #316, 1.000000000000000000 ) ;
#1422 = ORIENTED_EDGE ( 'NONE', *, *, #1273, .F. ) ;
#1423 = ADVANCED_FACE ( 'NONE', ( #1237 ), #581, .F. ) ;
#1424 = CARTESIAN_POINT ( 'NONE',  ( 0.005000000000000000104, 0.01299999999999999940, 0.02500000000000000139 ) ) ;
#1425 = ADVANCED_FACE ( 'NONE', ( #1856 ), #1822, .T. ) ;
#1426 = DIRECTION ( 'NONE',  ( 1.000000000000000000, 0.000000000000000000, 0.000000000000000000 ) ) ;
#1427 = CARTESIAN_POINT ( 'NONE',  ( 0.01600000000000000033, 0.01025000000000000043, 0.01474999999999999922 ) ) ;
#1428 = DIRECTION ( 'NONE',  ( -1.000000000000000000, 0.000000000000000000, 0.000000000000000000 ) ) ;
#1429 = FACE_OUTER_BOUND ( 'NONE', #1995, .T. ) ;
#1430 = DIRECTION ( 'NONE',  ( 0.000000000000000000, 0.000000000000000000, -1.000000000000000000 ) ) ;
#1431 = APPLICATION_PROTOCOL_DEFINITION ( 'draft international standard', 'automotive_design', 1998, #1645 ) ;
#1432 = ORIENTED_EDGE ( 'NONE', *, *, #1003, .F. ) ;
#1433 = ORIENTED_EDGE ( 'NONE', *, *, #143, .F. ) ;
#1434 = EDGE_LOOP ( 'NONE', ( #1482, #557, #987, #74 ) ) ;
#1435 = DIRECTION ( 'NONE',  ( 0.000000000000000000, -1.000000000000000000, 0.000000000000000000 ) ) ;
#1436 = AXIS2_PLACEMENT_3D ( 'NONE', #1954, #118, #1502 ) ;
#1437 = FACE_OUTER_BOUND ( 'NONE', #1533, .T. ) ;
#1438 = LINE ( 'NONE', #970, #536 ) ;
#1439 = COLOUR_RGB ( '',0.7921568627450980005, 0.8196078431372548767, 0.9333333333333333481 ) ;
#1440 = CARTESIAN_POINT ( 'NONE',  ( 0.04739999999999999769, 1.836970198721029836E-19, 0.01324999999999999963 ) ) ;
#1441 = PLANE ( 'NONE',  #1826 ) ;
#1442 = FACE_BOUND ( 'NONE', #637, .T. ) ;
#1443 = VERTEX_POINT ( 'NONE', #934 ) ;
#1444 = VECTOR ( 'NONE', #289, 1.000000000000000000 ) ;
#1445 = ORIENTED_EDGE ( 'NONE', *, *, #1879, .T. ) ;
#1446 = ORIENTED_EDGE ( 'NONE', *, *, #36, .F. ) ;
#1447 = CARTESIAN_POINT ( 'NONE',  ( 0.000000000000000000, 0.000000000000000000, 0.008750000000000000833 ) ) ;
#1448 = VECTOR ( 'NONE', #1275, 1.000000000000000000 ) ;
#1449 = PLANE ( 'NONE',  #1966 ) ;
#1450 = CARTESIAN_POINT ( 'NONE',  ( 0.03899999999999999994, 0.000000000000000000, 0.008750000000000000833 ) ) ;
#1451 = DIRECTION ( 'NONE',  ( 0.000000000000000000, 0.000000000000000000, 1.000000000000000000 ) ) ;
#1452 = PLANE ( 'NONE',  #1532 ) ;
#1453 = EDGE_CURVE ( 'NONE', #1718, #814, #293, .T. ) ;
#1454 = CARTESIAN_POINT ( 'NONE',  ( 0.02000000000000000042, 0.01025000000000000043, 0.01474999999999999922 ) ) ;
#1455 = EDGE_LOOP ( 'NONE', ( #100, #645, #994, #225 ) ) ;
#1456 = VERTEX_POINT ( 'NONE', #606 ) ;
#1457 = VERTEX_POINT ( 'NONE', #1082 ) ;
#1458 = CARTESIAN_POINT ( 'NONE',  ( 0.03839999999999999664, 0.006499999999999999702, 0.02500000000000000139 ) ) ;
#1459 = DIRECTION ( 'NONE',  ( 1.000000000000000000, 0.000000000000000000, 0.000000000000000000 ) ) ;
#1460 = EDGE_CURVE ( 'NONE', #54, #56, #1696, .T. ) ;
#1461 = DIRECTION ( 'NONE',  ( 0.000000000000000000, 0.000000000000000000, 1.000000000000000000 ) ) ;
#1462 = CARTESIAN_POINT ( 'NONE',  ( 0.000000000000000000, 0.01025000000000000043, 0.004499999999999999660 ) ) ;
#1463 = DIRECTION ( 'NONE',  ( 0.000000000000000000, 0.000000000000000000, -1.000000000000000000 ) ) ;
#1464 = EDGE_LOOP ( 'NONE', ( #1360, #1400, #1623, #77 ) ) ;
#1465 = ORIENTED_EDGE ( 'NONE', *, *, #641, .F. ) ;
#1466 = ORIENTED_EDGE ( 'NONE', *, *, #1240, .T. ) ;
#1467 = AXIS2_PLACEMENT_3D ( 'NONE', #1206, #915, #1511 ) ;
#1468 = CARTESIAN_POINT ( 'NONE',  ( -0.02000000000000000042, 0.01025000000000000043, 0.004499999999999999660 ) ) ;
#1469 = DIRECTION ( 'NONE',  ( 0.000000000000000000, 0.000000000000000000, 1.000000000000000000 ) ) ;
#1470 = CARTESIAN_POINT ( 'NONE',  ( 0.000000000000000000, -0.01299999999999999940, 0.02500000000000000139 ) ) ;
#1471 = CARTESIAN_POINT ( 'NONE',  ( -0.005000000000000000104, 0.01025000000000000043, 0.03020000000000000115 ) ) ;
#1472 = CARTESIAN_POINT ( 'NONE',  ( 0.03899999999999999994, 0.000000000000000000, 0.02500000000000000139 ) ) ;
#1473 = EDGE_LOOP ( 'NONE', ( #1483, #492, #1385, #1606 ) ) ;
#1474 = VERTEX_POINT ( 'NONE', #1387 ) ;
#1475 = EDGE_CURVE ( 'NONE', #986, #510, #1514, .T. ) ;
#1476 = CARTESIAN_POINT ( 'NONE',  ( -0.02000000000000000042, -0.01025000000000000043, 0.004499999999999999660 ) ) ;
#1477 = CARTESIAN_POINT ( 'NONE',  ( -0.03899999999999999994, 0.01099999999999999936, 0.02500000000000000139 ) ) ;
#1478 = DIRECTION ( 'NONE',  ( 0.000000000000000000, 1.000000000000000000, 0.000000000000000000 ) ) ;
#1479 = CARTESIAN_POINT ( 'NONE',  ( -0.03839999999999999664, -0.006499999999999999702, 0.008750000000000000833 ) ) ;
#1480 = DIRECTION ( 'NONE',  ( 0.000000000000000000, 0.000000000000000000, 1.000000000000000000 ) ) ;
#1481 = LINE ( 'NONE', #1867, #151 ) ;
#1482 = ORIENTED_EDGE ( 'NONE', *, *, #279, .T. ) ;
#1483 = ORIENTED_EDGE ( 'NONE', *, *, #1707, .F. ) ;
#1484 = EDGE_LOOP ( 'NONE', ( #615, #1465, #1877, #763 ) ) ;
#1485 = ADVANCED_FACE ( 'NONE', ( #1985, #1368 ), #140, .T. ) ;
#1486 = VECTOR ( 'NONE', #162, 1.000000000000000000 ) ;
#1487 = PLANE ( 'NONE',  #274 ) ;
#1488 = CARTESIAN_POINT ( 'NONE',  ( 0.03780000000000000027, 0.004499999999999999660, 0.01875000000000000278 ) ) ;
#1489 = CARTESIAN_POINT ( 'NONE',  ( -0.03899999999999999994, -0.006499999999999999702, 0.008750000000000000833 ) ) ;
#1490 = DIRECTION ( 'NONE',  ( 1.196361017915039732E-16, -1.000000000000000000, 0.000000000000000000 ) ) ;
#1491 = EDGE_LOOP ( 'NONE', ( #454, #1708, #1759, #1159, #1703, #965, #1811, #1446, #414, #885, #1804, #1689, #1170, #789, #1180, #628, #1952, #1829 ) ) ;
#1492 = AXIS2_PLACEMENT_3D ( 'NONE', #16, #632, #1871 ) ;
#1493 = CARTESIAN_POINT ( 'NONE',  ( 0.01600000000000000033, 0.005125000000000000215, 0.004499999999999999660 ) ) ;
#1494 = VERTEX_POINT ( 'NONE', #750 ) ;
#1495 = AXIS2_PLACEMENT_3D ( 'NONE', #429, #746, #610 ) ;
#1496 = ORIENTED_EDGE ( 'NONE', *, *, #1142, .F. ) ;
#1497 = EDGE_CURVE ( 'NONE', #200, #1718, #1217, .T. ) ;
#1498 = ORIENTED_EDGE ( 'NONE', *, *, #1097, .F. ) ;
#1499 = CARTESIAN_POINT ( 'NONE',  ( 0.03780000000000000027, -0.004499999999999999660, 0.02500000000000000139 ) ) ;
#1500 = AXIS2_PLACEMENT_3D ( 'NONE', #984, #1277, #1753 ) ;
#1501 = CONICAL_SURFACE ( 'NONE', #1726, 0.004000000000000000083, 0.8726646259971649888 ) ;
#1502 = DIRECTION ( 'NONE',  ( 1.000000000000000000, 0.000000000000000000, 0.000000000000000000 ) ) ;
#1503 = CARTESIAN_POINT ( 'NONE',  ( 0.04100000000000000172, 0.01099999999999999936, -0.006499999999999999702 ) ) ;
#1504 = DIRECTION ( 'NONE',  ( 0.000000000000000000, 0.000000000000000000, 1.000000000000000000 ) ) ;
#1505 = ORIENTED_EDGE ( 'NONE', *, *, #1936, .T. ) ;
#1506 = DIRECTION ( 'NONE',  ( 0.000000000000000000, 0.000000000000000000, 1.000000000000000000 ) ) ;
#1507 = EDGE_CURVE ( 'NONE', #930, #660, #1065, .T. ) ;
#1508 = ORIENTED_EDGE ( 'NONE', *, *, #1042, .F. ) ;
#1509 = PRODUCT_DEFINITION_SHAPE ( 'NONE', 'NONE',  #153 ) ;
#1510 = DIRECTION ( 'NONE',  ( -1.000000000000000000, -1.196361017915039732E-16, 0.000000000000000000 ) ) ;
#1511 = DIRECTION ( 'NONE',  ( 1.000000000000000000, 0.000000000000000000, 0.000000000000000000 ) ) ;
#1512 = DIRECTION ( 'NONE',  ( 1.000000000000000000, 0.000000000000000000, 0.000000000000000000 ) ) ;
#1513 = ORIENTED_EDGE ( 'NONE', *, *, #339, .F. ) ;
#1514 = LINE ( 'NONE', #1830, #1129 ) ;
#1515 = EDGE_CURVE ( 'NONE', #1777, #139, #192, .T. ) ;
#1516 = EDGE_CURVE ( 'NONE', #720, #1977, #1724, .T. ) ;
#1517 = VECTOR ( 'NONE', #1054, 1.000000000000000000 ) ;
#1518 = DIRECTION ( 'NONE',  ( 1.000000000000000000, 0.000000000000000000, 0.000000000000000000 ) ) ;
#1519 = AXIS2_PLACEMENT_3D ( 'NONE', #745, #123, #1687 ) ;
#1520 = FACE_OUTER_BOUND ( 'NONE', #1491, .T. ) ;
#1521 = CARTESIAN_POINT ( 'NONE',  ( 0.03699999999999999817, 0.004499999999999999660, 0.01875000000000000278 ) ) ;
#1522 = VECTOR ( 'NONE', #1870, 1.000000000000000000 ) ;
#1523 = ADVANCED_FACE ( 'NONE', ( #1398 ), #9, .T. ) ;
#1524 = ORIENTED_EDGE ( 'NONE', *, *, #1338, .T. ) ;
#1525 = DIRECTION ( 'NONE',  ( -1.000000000000000000, 0.000000000000000000, 0.000000000000000000 ) ) ;
#1526 = CARTESIAN_POINT ( 'NONE',  ( -0.01600000000000000033, 0.01025000000000000043, 0.01474999999999999922 ) ) ;
#1527 = LINE ( 'NONE', #1684, #63 ) ;
#1528 = FACE_BOUND ( 'NONE', #1293, .T. ) ;
#1529 = ORIENTED_EDGE ( 'NONE', *, *, #1475, .T. ) ;
#1530 = CYLINDRICAL_SURFACE ( 'NONE', #1195, 0.002000000000000001776 ) ;
#1531 = CIRCLE ( 'NONE', #1761, 0.001500000000000001332 ) ;
#1532 = AXIS2_PLACEMENT_3D ( 'NONE', #657, #647, #668 ) ;
#1533 = EDGE_LOOP ( 'NONE', ( #675, #154, #214 ) ) ;
#1534 = CARTESIAN_POINT ( 'NONE',  ( -0.03839999999999999664, 0.006499999999999999702, 0.02500000000000000139 ) ) ;
#1535 = EDGE_CURVE ( 'NONE', #181, #434, #20, .T. ) ;
#1536 = LINE ( 'NONE', #1669, #1014 ) ;
#1537 = CIRCLE ( 'NONE', #1896, 0.002000000000000001776 ) ;
#1538 = FACE_OUTER_BOUND ( 'NONE', #519, .T. ) ;
#1539 = VECTOR ( 'NONE', #317, 1.000000000000000000 ) ;
#1540 = ORIENTED_EDGE ( 'NONE', *, *, #904, .F. ) ;
#1541 = EDGE_LOOP ( 'NONE', ( #1728, #815, #205, #1577, #322, #168, #706, #1971 ) ) ;
#1542 = DIRECTION ( 'NONE',  ( -2.312964634635739999E-16, -1.000000000000000000, 0.000000000000000000 ) ) ;
#1543 = VECTOR ( 'NONE', #357, 1.000000000000000000 ) ;
#1544 = PRODUCT_DEFINITION_CONTEXT ( 'detailed design', #939, 'design' ) ;
#1545 = VERTEX_POINT ( 'NONE', #1908 ) ;
#1546 = EDGE_CURVE ( 'NONE', #769, #1747, #1210, .T. ) ;
#1547 = DIRECTION ( 'NONE',  ( -1.000000000000000000, 0.000000000000000000, 0.000000000000000000 ) ) ;
#1548 = DIRECTION ( 'NONE',  ( 0.000000000000000000, 0.000000000000000000, -1.000000000000000000 ) ) ;
#1549 = PLANE ( 'NONE',  #1589 ) ;
#1550 = VECTOR ( 'NONE', #329, 1.000000000000000000 ) ;
#1551 = EDGE_LOOP ( 'NONE', ( #307, #426, #1336, #964 ) ) ;
#1552 = ORIENTED_EDGE ( 'NONE', *, *, #447, .F. ) ;
#1553 = PLANE ( 'NONE',  #1980 ) ;
#1554 = ORIENTED_EDGE ( 'NONE', *, *, #1061, .T. ) ;
#1555 = LINE ( 'NONE', #145, #51 ) ;
#1556 = VECTOR ( 'NONE', #1347, 1.000000000000000000 ) ;
#1557 = CARTESIAN_POINT ( 'NONE',  ( -0.005000000000000000104, 0.01025000000000000043, 0.02500000000000000139 ) ) ;
#1558 = DIRECTION ( 'NONE',  ( 0.000000000000000000, 0.000000000000000000, -1.000000000000000000 ) ) ;
#1559 = ORIENTED_EDGE ( 'NONE', *, *, #1934, .F. ) ;
#1560 = CYLINDRICAL_SURFACE ( 'NONE', #1500, 0.001500000000000001332 ) ;
#1561 = DIRECTION ( 'NONE',  ( -1.000000000000000000, 0.000000000000000000, 0.000000000000000000 ) ) ;
#1563 = ADVANCED_FACE ( 'NONE', ( #1429 ), #1501, .F. ) ;
#1562 = VECTOR ( 'NONE', #368, 1.000000000000000000 ) ;
#1564 = ORIENTED_EDGE ( 'NONE', *, *, #1574, .T. ) ;
#1565 = EDGE_LOOP ( 'NONE', ( #1007, #23, #189, #1031 ) ) ;
#1566 = LINE ( 'NONE', #34, #569 ) ;
#1567 = DIRECTION ( 'NONE',  ( 0.000000000000000000, 1.000000000000000000, 0.000000000000000000 ) ) ;
#1568 = CARTESIAN_POINT ( 'NONE',  ( 0.03780000000000000027, 0.006499999999999999702, 0.02500000000000000139 ) ) ;
#1569 = ORIENTED_EDGE ( 'NONE', *, *, #1936, .F. ) ;
#1570 = VERTEX_POINT ( 'NONE', #955 ) ;
#1571 = DIRECTION ( 'NONE',  ( 0.000000000000000000, 1.000000000000000000, 0.000000000000000000 ) ) ;
#1572 = ADVANCED_FACE ( 'NONE', ( #790 ), #1441, .F. ) ;
#1573 = PRODUCT_CONTEXT ( 'NONE', #1645, 'mechanical' ) ;
#1574 = EDGE_CURVE ( 'NONE', #115, #1084, #1406, .T. ) ;
#1575 = VERTEX_POINT ( 'NONE', #1874 ) ;
#1576 = EDGE_CURVE ( 'NONE', #1128, #1624, #626, .T. ) ;
#1577 = ORIENTED_EDGE ( 'NONE', *, *, #230, .T. ) ;
#1578 = CARTESIAN_POINT ( 'NONE',  ( -0.005000000000000000104, -0.01025000000000000043, 0.03020000000000000115 ) ) ;
#1579 = FACE_BOUND ( 'NONE', #160, .T. ) ;
#1580 = CARTESIAN_POINT ( 'NONE',  ( 0.01600000000000000033, -0.005125000000000000215, 0.004499999999999999660 ) ) ;
#1581 = ORIENTED_EDGE ( 'NONE', *, *, #470, .T. ) ;
#1582 = CARTESIAN_POINT ( 'NONE',  ( 0.000000000000000000, 0.01025000000000000043, 0.02500000000000000139 ) ) ;
#1583 = CARTESIAN_POINT ( 'NONE',  ( 0.04739999999999999769, 0.000000000000000000, 0.01474999999999999922 ) ) ;
#1584 = VECTOR ( 'NONE', #685, 1.000000000000000000 ) ;
#1585 = ADVANCED_FACE ( 'NONE', ( #1416 ), #1553, .T. ) ;
#1586 = ORIENTED_EDGE ( 'NONE', *, *, #488, .T. ) ;
#1587 = ORIENTED_EDGE ( 'NONE', *, *, #1497, .T. ) ;
#1588 = CARTESIAN_POINT ( 'NONE',  ( 0.02000000000000000042, -0.01025000000000000043, 0.004499999999999999660 ) ) ;
#1589 = AXIS2_PLACEMENT_3D ( 'NONE', #787, #1245, #776 ) ;
#1590 = DIRECTION ( 'NONE',  ( 0.000000000000000000, 0.000000000000000000, 1.000000000000000000 ) ) ;
#1591 = DIRECTION ( 'NONE',  ( 1.000000000000000000, 0.000000000000000000, 0.000000000000000000 ) ) ;
#1592 = DIRECTION ( 'NONE',  ( 0.000000000000000000, 1.000000000000000000, 0.000000000000000000 ) ) ;
#1593 = DIRECTION ( 'NONE',  ( 1.000000000000000000, 0.000000000000000000, 0.000000000000000000 ) ) ;
#1594 = DIRECTION ( 'NONE',  ( 0.000000000000000000, 0.000000000000000000, -1.000000000000000000 ) ) ;
#1595 = ORIENTED_EDGE ( 'NONE', *, *, #1214, .F. ) ;
#1596 = ORIENTED_EDGE ( 'NONE', *, *, #1601, .F. ) ;
#1597 = EDGE_LOOP ( 'NONE', ( #863, #531, #1094, #1847, #1653, #874, #979, #87 ) ) ;
#1598 = CARTESIAN_POINT ( 'NONE',  ( 0.005000000000000000104, -0.01299999999999999940, 0.03020000000000000115 ) ) ;
#1599 = DIRECTION ( 'NONE',  ( 1.000000000000000000, 0.000000000000000000, 0.000000000000000000 ) ) ;
#1600 = EDGE_CURVE ( 'NONE', #1890, #1727, #1291, .T. ) ;
#1601 = EDGE_CURVE ( 'NONE', #1903, #485, #1864, .T. ) ;
#1602 = LINE ( 'NONE', #1631, #42 ) ;
#1603 = DIRECTION ( 'NONE',  ( 1.000000000000000000, -2.312964634635739999E-16, 0.000000000000000000 ) ) ;
#1604 = FACE_OUTER_BOUND ( 'NONE', #1565, .T. ) ;
#1605 = ORIENTED_EDGE ( 'NONE', *, *, #803, .T. ) ;
#1606 = ORIENTED_EDGE ( 'NONE', *, *, #709, .T. ) ;
#1607 = EDGE_CURVE ( 'NONE', #1064, #953, #476, .T. ) ;
#1608 = CARTESIAN_POINT ( 'NONE',  ( -0.03899999999999999994, -0.01099999999999999936, 0.000000000000000000 ) ) ;
#1609 = CARTESIAN_POINT ( 'NONE',  ( 0.01600000000000000033, 0.01025000000000000043, 0.004499999999999999660 ) ) ;
#1610 = AXIS2_PLACEMENT_3D ( 'NONE', #1477, #1947, #259 ) ;
#1611 = CARTESIAN_POINT ( 'NONE',  ( -0.03899999999999999994, 0.006499999999999999702, 0.008750000000000000833 ) ) ;
#1612 = CYLINDRICAL_SURFACE ( 'NONE', #914, 0.001500000000000001332 ) ;
#1613 = DIRECTION ( 'NONE',  ( 1.000000000000000000, 0.000000000000000000, 0.000000000000000000 ) ) ;
#1614 = ORIENTED_EDGE ( 'NONE', *, *, #447, .T. ) ;
#1615 = ORIENTED_EDGE ( 'NONE', *, *, #1241, .F. ) ;
#1616 = ORIENTED_EDGE ( 'NONE', *, *, #402, .F. ) ;
#1617 = AXIS2_PLACEMENT_3D ( 'NONE', #1089, #1849, #652 ) ;
#1618 = CARTESIAN_POINT ( 'NONE',  ( 0.03839999999999999664, -0.006499999999999999702, 0.008750000000000000833 ) ) ;
#1619 = DIRECTION ( 'NONE',  ( 1.000000000000000000, 0.000000000000000000, 0.000000000000000000 ) ) ;
#1620 = CARTESIAN_POINT ( 'NONE',  ( 0.03699999999999999817, 0.000000000000000000, 0.004499999999999999660 ) ) ;
#1621 = DIRECTION ( 'NONE',  ( -1.000000000000000000, 0.000000000000000000, 0.000000000000000000 ) ) ;
#1622 = LINE ( 'NONE', #240, #1776 ) ;
#1623 = ORIENTED_EDGE ( 'NONE', *, *, #1419, .T. ) ;
#1624 = VERTEX_POINT ( 'NONE', #1257 ) ;
#1625 = ORIENTED_EDGE ( 'NONE', *, *, #1011, .F. ) ;
#1626 = EDGE_CURVE ( 'NONE', #1857, #725, #1897, .T. ) ;
#1627 = ORIENTED_EDGE ( 'NONE', *, *, #879, .T. ) ;
#1628 = AXIS2_PLACEMENT_3D ( 'NONE', #105, #1948, #857 ) ;
#1629 = DIRECTION ( 'NONE',  ( 1.000000000000000000, 0.000000000000000000, 0.000000000000000000 ) ) ;
#1630 = CIRCLE ( 'NONE', #753, 0.001500000000000001332 ) ;
#1631 = CARTESIAN_POINT ( 'NONE',  ( -0.03740000000000000269, -0.004499999999999999660, 0.02500000000000000139 ) ) ;
#1632 = DIRECTION ( 'NONE',  ( 0.000000000000000000, 0.000000000000000000, -1.000000000000000000 ) ) ;
#1633 = VECTOR ( 'NONE', #848, 1.000000000000000000 ) ;
#1634 = CARTESIAN_POINT ( 'NONE',  ( 0.000000000000000000, 0.000000000000000000, 0.02500000000000000139 ) ) ;
#1635 = EDGE_CURVE ( 'NONE', #1721, #438, #1093, .T. ) ;
#1636 = LINE ( 'NONE', #64, #1654 ) ;
#1637 = ORIENTED_EDGE ( 'NONE', *, *, #1626, .T. ) ;
#1638 = CARTESIAN_POINT ( 'NONE',  ( -0.03699999999999999817, 0.004499999999999999660, 0.01875000000000000278 ) ) ;
#1639 = ORIENTED_EDGE ( 'NONE', *, *, #682, .F. ) ;
#1640 = VERTEX_POINT ( 'NONE', #1267 ) ;
#1641 = VECTOR ( 'NONE', #898, 1.000000000000000000 ) ;
#1642 = EDGE_CURVE ( 'NONE', #890, #717, #1884, .T. ) ;
#1643 = AXIS2_PLACEMENT_3D ( 'NONE', #106, #724, #1341 ) ;
#1644 = DIRECTION ( 'NONE',  ( -1.000000000000000000, 0.000000000000000000, 0.000000000000000000 ) ) ;
#1645 = APPLICATION_CONTEXT ( 'automotive_design' ) ;
#1646 = LINE ( 'NONE', #722, #561 ) ;
#1647 = CARTESIAN_POINT ( 'NONE',  ( -0.03899999999999999994, 0.000000000000000000, 0.01474999999999999922 ) ) ;
#1648 = CARTESIAN_POINT ( 'NONE',  ( -0.03740000000000000269, 0.004499999999999999660, 0.02500000000000000139 ) ) ;
#1649 = VERTEX_POINT ( 'NONE', #201 ) ;
#1650 = CARTESIAN_POINT ( 'NONE',  ( -0.03899999999999999994, 1.734723475976799968E-18, 0.02500000000000000139 ) ) ;
#1651 = EDGE_CURVE ( 'NONE', #241, #705, #507, .T. ) ;
#1652 = EDGE_LOOP ( 'NONE', ( #499, #918 ) ) ;
#1653 = ORIENTED_EDGE ( 'NONE', *, *, #521, .T. ) ;
#1654 = VECTOR ( 'NONE', #1812, 1.000000000000000000 ) ;
#1655 = EDGE_LOOP ( 'NONE', ( #1605, #520, #1171, #1055 ) ) ;
#1656 = DIRECTION ( 'NONE',  ( 0.000000000000000000, 0.000000000000000000, 1.000000000000000000 ) ) ;
#1657 = EDGE_CURVE ( 'NONE', #1913, #1110, #849, .T. ) ;
#1658 = LINE ( 'NONE', #880, #673 ) ;
#1659 = DIRECTION ( 'NONE',  ( 0.000000000000000000, 0.000000000000000000, 1.000000000000000000 ) ) ;
#1660 = CARTESIAN_POINT ( 'NONE',  ( 0.04739999999999999769, 1.836970198721029836E-19, 0.01324999999999999963 ) ) ;
#1661 = ORIENTED_EDGE ( 'NONE', *, *, #493, .F. ) ;
#1662 = CARTESIAN_POINT ( 'NONE',  ( 0.03699999999999999817, 0.01025000000000000043, 0.004499999999999999660 ) ) ;
#1663 = AXIS2_PLACEMENT_3D ( 'NONE', #1838, #600, #463 ) ;
#1664 = ORIENTED_EDGE ( 'NONE', *, *, #430, .F. ) ;
#1665 = ORIENTED_EDGE ( 'NONE', *, *, #1142, .T. ) ;
#1666 = FACE_OUTER_BOUND ( 'NONE', #319, .T. ) ;
#1667 = CIRCLE ( 'NONE', #179, 0.001500000000000000031 ) ;
#1668 = AXIS2_PLACEMENT_3D ( 'NONE', #228, #1320, #1329 ) ;
#1669 = CARTESIAN_POINT ( 'NONE',  ( 0.000000000000000000, -0.01299999999999999940, 0.02500000000000000139 ) ) ;
#1670 = CARTESIAN_POINT ( 'NONE',  ( 0.03899999999999999994, 0.01099999999999999936, -0.006499999999999999702 ) ) ;
#1671 = EDGE_CURVE ( 'NONE', #233, #390, #985, .T. ) ;
#1672 = EDGE_CURVE ( 'NONE', #1378, #485, #621, .T. ) ;
#1673 = EDGE_LOOP ( 'NONE', ( #1951, #929, #280, #99 ) ) ;
#1674 = DIRECTION ( 'NONE',  ( 0.000000000000000000, 1.000000000000000000, 0.000000000000000000 ) ) ;
#1675 = CARTESIAN_POINT ( 'NONE',  ( -0.01600000000000000033, -0.005125000000000000215, 0.004499999999999999660 ) ) ;
#1676 = EDGE_CURVE ( 'NONE', #1236, #108, #723, .T. ) ;
#1677 = CIRCLE ( 'NONE', #797, 0.002000000000000001776 ) ;
#1678 = DIRECTION ( 'NONE',  ( -1.000000000000000000, -1.196361017915039732E-16, 0.000000000000000000 ) ) ;
#1679 = CARTESIAN_POINT ( 'NONE',  ( -0.03899999999999999994, 1.734723475976799968E-18, 0.008750000000000000833 ) ) ;
#1680 = ORIENTED_EDGE ( 'NONE', *, *, #866, .T. ) ;
#1681 = DIRECTION ( 'NONE',  ( 0.000000000000000000, 0.000000000000000000, -1.000000000000000000 ) ) ;
#1682 = LINE ( 'NONE', #1364, #920 ) ;
#1683 = AXIS2_PLACEMENT_3D ( 'NONE', #370, #72, #1313 ) ;
#1684 = CARTESIAN_POINT ( 'NONE',  ( 0.04100000000000000172, 0.000000000000000000, 0.02500000000000000139 ) ) ;
#1685 = CARTESIAN_POINT ( 'NONE',  ( 0.03699999999999999817, 0.004499999999999999660, 0.01875000000000000278 ) ) ;
#1686 = EDGE_LOOP ( 'NONE', ( #1997, #549, #444, #422 ) ) ;
#1687 = DIRECTION ( 'NONE',  ( 1.000000000000000000, 0.000000000000000000, 0.000000000000000000 ) ) ;
#1688 = EDGE_CURVE ( 'NONE', #590, #1494, #114, .T. ) ;
#1689 = ORIENTED_EDGE ( 'NONE', *, *, #1249, .F. ) ;
#1690 = DIRECTION ( 'NONE',  ( 0.000000000000000000, 1.000000000000000000, 0.000000000000000000 ) ) ;
#1691 = CARTESIAN_POINT ( 'NONE',  ( 0.04100000000000000172, 0.000000000000000000, -0.006499999999999999702 ) ) ;
#1692 = PLANE ( 'NONE',  #251 ) ;
#1693 = ORIENTED_EDGE ( 'NONE', *, *, #1707, .T. ) ;
#1694 = LINE ( 'NONE', #308, #783 ) ;
#1695 = VECTOR ( 'NONE', #1504, 1.000000000000000000 ) ;
#1696 = LINE ( 'NONE', #286, #355 ) ;
#1697 = EDGE_CURVE ( 'NONE', #342, #1903, #1531, .T. ) ;
#1698 = VERTEX_POINT ( 'NONE', #221 ) ;
#1699 = DIRECTION ( 'NONE',  ( 1.000000000000000000, 0.000000000000000000, 0.000000000000000000 ) ) ;
#1700 = LINE ( 'NONE', #1274, #1421 ) ;
#1701 = AXIS2_PLACEMENT_3D ( 'NONE', #1447, #860, #46 ) ;
#1702 = DIRECTION ( 'NONE',  ( -1.000000000000000000, 0.000000000000000000, 0.000000000000000000 ) ) ;
#1703 = ORIENTED_EDGE ( 'NONE', *, *, #12, .F. ) ;
#1704 = ORIENTED_EDGE ( 'NONE', *, *, #1087, .F. ) ;
#1705 = DIRECTION ( 'NONE',  ( -1.000000000000000000, 0.000000000000000000, 0.000000000000000000 ) ) ;
#1706 = AXIS2_PLACEMENT_3D ( 'NONE', #1062, #1850, #1599 ) ;
#1707 = EDGE_CURVE ( 'NONE', #1570, #341, #1772, .T. ) ;
#1708 = ORIENTED_EDGE ( 'NONE', *, *, #237, .T. ) ;
#1709 = DIRECTION ( 'NONE',  ( 0.000000000000000000, 1.000000000000000000, 0.000000000000000000 ) ) ;
#1710 = CARTESIAN_POINT ( 'NONE',  ( 0.03839999999999999664, 0.006499999999999999702, 0.008750000000000000833 ) ) ;
#1711 = LINE ( 'NONE', #596, #1539 ) ;
#1712 = ADVANCED_FACE ( 'NONE', ( #1754 ), #93, .T. ) ;
#1713 = ORIENTED_EDGE ( 'NONE', *, *, #1088, .F. ) ;
#1714 = CARTESIAN_POINT ( 'NONE',  ( 0.03899999999999999994, 0.000000000000000000, 0.01474999999999999922 ) ) ;
#1715 = DIRECTION ( 'NONE',  ( 0.000000000000000000, 0.000000000000000000, 1.000000000000000000 ) ) ;
#1716 =( GEOMETRIC_REPRESENTATION_CONTEXT ( 3 ) GLOBAL_UNCERTAINTY_ASSIGNED_CONTEXT ( ( #933 ) ) GLOBAL_UNIT_ASSIGNED_CONTEXT ( ( #1253, #1099, #808 ) ) REPRESENTATION_CONTEXT ( 'NONE', 'WORKASPACE' ) );
#1717 = ORIENTED_EDGE ( 'NONE', *, *, #586, .T. ) ;
#1718 = VERTEX_POINT ( 'NONE', #60 ) ;
#1719 = FACE_OUTER_BOUND ( 'NONE', #1041, .T. ) ;
#1720 = CARTESIAN_POINT ( 'NONE',  ( 0.03899999999999999994, -0.006499999999999999702, 0.008750000000000000833 ) ) ;
#1721 = VERTEX_POINT ( 'NONE', #1489 ) ;
#1722 = ORIENTED_EDGE ( 'NONE', *, *, #196, .T. ) ;
#1723 = EDGE_CURVE ( 'NONE', #1139, #804, #847, .T. ) ;
#1724 = LINE ( 'NONE', #1743, #1550 ) ;
#1725 = ADVANCED_FACE ( 'NONE', ( #869 ), #683, .F. ) ;
#1726 = AXIS2_PLACEMENT_3D ( 'NONE', #1134, #1248, #1561 ) ;
#1727 = VERTEX_POINT ( 'NONE', #1340 ) ;
#1728 = ORIENTED_EDGE ( 'NONE', *, *, #67, .T. ) ;
#1729 = FILL_AREA_STYLE_COLOUR ( '', #1439 ) ;
#1730 = DIRECTION ( 'NONE',  ( 0.000000000000000000, 0.000000000000000000, 1.000000000000000000 ) ) ;
#1731 = ADVANCED_FACE ( 'NONE', ( #1955, #712 ), #1917, .T. ) ;
#1732 = DIRECTION ( 'NONE',  ( 0.000000000000000000, 0.000000000000000000, 1.000000000000000000 ) ) ;
#1733 = EDGE_LOOP ( 'NONE', ( #649, #597, #1104, #1964, #1294 ) ) ;
#1734 = CARTESIAN_POINT ( 'NONE',  ( -0.03780000000000000027, 0.004499999999999999660, 0.008750000000000000833 ) ) ;
#1735 = DIRECTION ( 'NONE',  ( 0.000000000000000000, 0.000000000000000000, 1.000000000000000000 ) ) ;
#1736 = ORIENTED_EDGE ( 'NONE', *, *, #574, .F. ) ;
#1737 = ORIENTED_EDGE ( 'NONE', *, *, #1057, .T. ) ;
#1738 = VECTOR ( 'NONE', #283, 1.000000000000000000 ) ;
#1739 = DIRECTION ( 'NONE',  ( 1.196361017915039732E-16, -1.000000000000000000, 0.000000000000000000 ) ) ;
#1740 = DIRECTION ( 'NONE',  ( 1.000000000000000000, 0.000000000000000000, 0.000000000000000000 ) ) ;
#1741 = LINE ( 'NONE', #818, #1543 ) ;
#1742 = DIRECTION ( 'NONE',  ( 0.000000000000000000, 0.000000000000000000, 1.000000000000000000 ) ) ;
#1743 = CARTESIAN_POINT ( 'NONE',  ( 0.000000000000000000, 0.01025000000000000043, 0.004499999999999999660 ) ) ;
#1744 = LINE ( 'NONE', #1302, #25 ) ;
#1745 = VECTOR ( 'NONE', #1463, 1.000000000000000000 ) ;
#1746 = ORIENTED_EDGE ( 'NONE', *, *, #1460, .F. ) ;
#1747 = VERTEX_POINT ( 'NONE', #247 ) ;
#1748 = LINE ( 'NONE', #207, #1891 ) ;
#1749 = ADVANCED_FACE ( 'NONE', ( #526 ), #378, .T. ) ;
#1750 = VECTOR ( 'NONE', #2002, 1.000000000000000000 ) ;
#1751 = DIRECTION ( 'NONE',  ( 0.000000000000000000, 0.000000000000000000, 1.000000000000000000 ) ) ;
#1752 = CIRCLE ( 'NONE', #1663, 0.005000000000000000104 ) ;
#1753 = DIRECTION ( 'NONE',  ( 0.000000000000000000, 0.000000000000000000, 1.000000000000000000 ) ) ;
#1754 = FACE_OUTER_BOUND ( 'NONE', #550, .T. ) ;
#1755 = PLANE ( 'NONE',  #1683 ) ;
#1756 = DIRECTION ( 'NONE',  ( 0.000000000000000000, 0.000000000000000000, 1.000000000000000000 ) ) ;
#1757 = ADVANCED_FACE ( 'NONE', ( #554 ), #1939, .F. ) ;
#1758 = VECTOR ( 'NONE', #82, 1.000000000000000000 ) ;
#1759 = ORIENTED_EDGE ( 'NONE', *, *, #574, .T. ) ;
#1760 = EDGE_LOOP ( 'NONE', ( #1993, #1126, #1693, #1505, #459, #111, #1006, #399 ) ) ;
#1761 = AXIS2_PLACEMENT_3D ( 'NONE', #1647, #260, #1451 ) ;
#1762 = DIRECTION ( 'NONE',  ( 1.000000000000000000, 0.000000000000000000, 0.000000000000000000 ) ) ;
#1763 = CARTESIAN_POINT ( 'NONE',  ( 0.02000000000000000042, -0.01025000000000000043, 0.01474999999999999922 ) ) ;
#1764 = DIRECTION ( 'NONE',  ( 0.000000000000000000, 0.000000000000000000, 1.000000000000000000 ) ) ;
#1765 = CARTESIAN_POINT ( 'NONE',  ( 0.002200000000000001867, 0.01148962066388090064, 0.03020000000000000115 ) ) ;
#1766 = CARTESIAN_POINT ( 'NONE',  ( 0.03699999999999999817, -0.004499999999999999660, 0.02500000000000000139 ) ) ;
#1767 = ORIENTED_EDGE ( 'NONE', *, *, #76, .F. ) ;
#1768 = ORIENTED_EDGE ( 'NONE', *, *, #409, .F. ) ;
#1769 = AXIS2_PLACEMENT_3D ( 'NONE', #799, #960, #809 ) ;
#1770 = CARTESIAN_POINT ( 'NONE',  ( -0.02000000000000000042, -9.950255243072231202E-20, 0.01474999999999999922 ) ) ;
#1771 = DIRECTION ( 'NONE',  ( 0.000000000000000000, 0.000000000000000000, 1.000000000000000000 ) ) ;
#1772 = LINE ( 'NONE', #692, #1924 ) ;
#1773 = CARTESIAN_POINT ( 'NONE',  ( 0.03839999999999999664, -0.006499999999999999702, 0.008750000000000000833 ) ) ;
#1774 = ADVANCED_FACE ( 'NONE', ( #1312 ), #1784, .F. ) ;
#1775 = DIRECTION ( 'NONE',  ( 1.000000000000000000, 0.000000000000000000, 0.000000000000000000 ) ) ;
#1776 = VECTOR ( 'NONE', #1322, 1.000000000000000000 ) ;
#1777 = VERTEX_POINT ( 'NONE', #1796 ) ;
#1778 = ORIENTED_EDGE ( 'NONE', *, *, #1296, .T. ) ;
#1779 = EDGE_LOOP ( 'NONE', ( #1298, #1722 ) ) ;
#1780 = AXIS2_PLACEMENT_3D ( 'NONE', #1402, #1426, #1567 ) ;
#1781 = CARTESIAN_POINT ( 'NONE',  ( 0.002200000000000001867, -0.01299999999999999940, 0.03020000000000000115 ) ) ;
#1782 = ADVANCED_FACE ( 'NONE', ( #407 ), #906, .T. ) ;
#1783 = CARTESIAN_POINT ( 'NONE',  ( -0.01600000000000000033, -0.01025000000000000043, 0.009624999999999999875 ) ) ;
#1784 = PLANE ( 'NONE',  #1141 ) ;
#1785 = DIRECTION ( 'NONE',  ( 1.000000000000000000, 0.000000000000000000, 0.000000000000000000 ) ) ;
#1786 = EDGE_CURVE ( 'NONE', #1443, #1545, #1399, .T. ) ;
#1787 = EDGE_CURVE ( 'NONE', #392, #241, #1239, .T. ) ;
#1788 = ADVANCED_FACE ( 'NONE', ( #431, #448 ), #602, .F. ) ;
#1789 = CARTESIAN_POINT ( 'NONE',  ( -0.02000000000000000042, -0.01025000000000000043, 0.009624999999999999875 ) ) ;
#1790 = CARTESIAN_POINT ( 'NONE',  ( -0.03699999999999999817, -0.004499999999999999660, 0.008750000000000000833 ) ) ;
#1791 = ORIENTED_EDGE ( 'NONE', *, *, #709, .F. ) ;
#1792 = ORIENTED_EDGE ( 'NONE', *, *, #1853, .F. ) ;
#1793 = AXIS2_PLACEMENT_3D ( 'NONE', #1165, #1301, #1145 ) ;
#1794 = CARTESIAN_POINT ( 'NONE',  ( -0.03780000000000000027, 0.004499999999999999660, 0.02500000000000000139 ) ) ;
#1795 = FACE_BOUND ( 'NONE', #1779, .T. ) ;
#1796 = CARTESIAN_POINT ( 'NONE',  ( -0.005000000000000000104, 0.01299999999999999940, 0.02500000000000000139 ) ) ;
#1797 = VECTOR ( 'NONE', #1909, 1.000000000000000000 ) ;
#1798 = LINE ( 'NONE', #432, #1517 ) ;
#1799 = EDGE_LOOP ( 'NONE', ( #292, #1863, #677, #1102 ) ) ;
#1800 = LINE ( 'NONE', #1304, #1869 ) ;
#1801 = EDGE_LOOP ( 'NONE', ( #1191, #1508, #1746, #1581 ) ) ;
#1802 = ORIENTED_EDGE ( 'NONE', *, *, #904, .T. ) ;
#1803 = CIRCLE ( 'NONE', #827, 0.01025000000000000043 ) ;
#1804 = ORIENTED_EDGE ( 'NONE', *, *, #1240, .F. ) ;
#1805 = LINE ( 'NONE', #281, #1556 ) ;
#1806 = VECTOR ( 'NONE', #524, 1.000000000000000000 ) ;
#1807 = CARTESIAN_POINT ( 'NONE',  ( -0.005000000000000000104, 0.01025000000000000043, 0.02500000000000000139 ) ) ;
#1808 = CARTESIAN_POINT ( 'NONE',  ( 0.03899999999999999994, 0.006499999999999999702, 0.02500000000000000139 ) ) ;
#1809 = DIRECTION ( 'NONE',  ( 1.196361017915039732E-16, -1.000000000000000000, 0.000000000000000000 ) ) ;
#1810 = VECTOR ( 'NONE', #1969, 1.000000000000000000 ) ;
#1811 = ORIENTED_EDGE ( 'NONE', *, *, #1125, .T. ) ;
#1812 = DIRECTION ( 'NONE',  ( -1.000000000000000000, -0.000000000000000000, -0.000000000000000000 ) ) ;
#1813 = ORIENTED_EDGE ( 'NONE', *, *, #738, .T. ) ;
#1814 = ORIENTED_EDGE ( 'NONE', *, *, #1057, .F. ) ;
#1815 = EDGE_CURVE ( 'NONE', #1570, #400, #1827, .T. ) ;
#1816 = ORIENTED_EDGE ( 'NONE', *, *, #1868, .F. ) ;
#1817 = EDGE_CURVE ( 'NONE', #1342, #1456, #1536, .T. ) ;
#1818 = CARTESIAN_POINT ( 'NONE',  ( 0.03780000000000000027, -0.005499999999999999681, 0.02500000000000000139 ) ) ;
#1819 = DIRECTION ( 'NONE',  ( 0.000000000000000000, 0.000000000000000000, 1.000000000000000000 ) ) ;
#1820 = CARTESIAN_POINT ( 'NONE',  ( 0.04100000000000000172, -0.01099999999999999936, 0.000000000000000000 ) ) ;
#1821 = EDGE_LOOP ( 'NONE', ( #1986, #1792, #194, #1559 ) ) ;
#1822 = PLANE ( 'NONE',  #1519 ) ;
#1823 = VECTOR ( 'NONE', #1656, 1.000000000000000000 ) ;
#1824 = ADVANCED_FACE ( 'NONE', ( #1382 ), #456, .T. ) ;
#1825 = CYLINDRICAL_SURFACE ( 'NONE', #502, 0.002000000000000001776 ) ;
#1826 = AXIS2_PLACEMENT_3D ( 'NONE', #212, #494, #1571 ) ;
#1827 = LINE ( 'NONE', #1503, #1051 ) ;
#1828 = PLANE ( 'NONE',  #1643 ) ;
#1829 = ORIENTED_EDGE ( 'NONE', *, *, #1962, .T. ) ;
#1830 = CARTESIAN_POINT ( 'NONE',  ( 0.03740000000000000269, 0.004499999999999999660, 0.02500000000000000139 ) ) ;
#1831 = DIRECTION ( 'NONE',  ( -1.000000000000000000, 0.000000000000000000, 0.000000000000000000 ) ) ;
#1832 = DIRECTION ( 'NONE',  ( 0.000000000000000000, 1.000000000000000000, 0.000000000000000000 ) ) ;
#1833 = LINE ( 'NONE', #457, #1377 ) ;
#1834 = ORIENTED_EDGE ( 'NONE', *, *, #743, .T. ) ;
#1835 = CARTESIAN_POINT ( 'NONE',  ( 1.734723475976799968E-18, 0.01299999999999999940, 0.03020000000000000115 ) ) ;
#1836 = EDGE_CURVE ( 'NONE', #1977, #434, #282, .T. ) ;
#1837 = ORIENTED_EDGE ( 'NONE', *, *, #556, .T. ) ;
#1838 = CARTESIAN_POINT ( 'NONE',  ( 1.405724196050170031E-18, 0.01025000000000000043, 0.03020000000000000115 ) ) ;
#1839 = AXIS2_PLACEMENT_3D ( 'NONE', #1835, #1972, #1705 ) ;
#1840 = DIRECTION ( 'NONE',  ( 1.000000000000000000, 0.000000000000000000, 0.000000000000000000 ) ) ;
#1841 = ADVANCED_FACE ( 'NONE', ( #766 ), #893, .F. ) ;
#1842 = DIRECTION ( 'NONE',  ( 1.000000000000000000, 0.000000000000000000, 0.000000000000000000 ) ) ;
#1843 = ORIENTED_EDGE ( 'NONE', *, *, #177, .F. ) ;
#1844 = ORIENTED_EDGE ( 'NONE', *, *, #670, .F. ) ;
#1845 = DIRECTION ( 'NONE',  ( 0.000000000000000000, 1.000000000000000000, 0.000000000000000000 ) ) ;
#1846 = CIRCLE ( 'NONE', #362, 0.002200000000000000133 ) ;
#1847 = ORIENTED_EDGE ( 'NONE', *, *, #141, .F. ) ;
#1848 = LINE ( 'NONE', #3, #877 ) ;
#1849 = DIRECTION ( 'NONE',  ( -1.000000000000000000, 2.312964634635739999E-16, 0.000000000000000000 ) ) ;
#1850 = DIRECTION ( 'NONE',  ( 1.196361017915039732E-16, -1.000000000000000000, 0.000000000000000000 ) ) ;
#1851 = VECTOR ( 'NONE', #1164, 1.000000000000000000 ) ;
#1852 = AXIS2_PLACEMENT_3D ( 'NONE', #990, #1603, #543 ) ;
#1853 = EDGE_CURVE ( 'NONE', #66, #1862, #731, .T. ) ;
#1854 = VERTEX_POINT ( 'NONE', #1212 ) ;
#1855 = EDGE_LOOP ( 'NONE', ( #727, #1564, #101 ) ) ;
#1856 = FACE_OUTER_BOUND ( 'NONE', #768, .T. ) ;
#1857 = VERTEX_POINT ( 'NONE', #1357 ) ;
#1858 = DIRECTION ( 'NONE',  ( 0.000000000000000000, 0.000000000000000000, 1.000000000000000000 ) ) ;
#1859 = ADVANCED_FACE ( 'NONE', ( #420 ), #1374, .T. ) ;
#1860 = DIRECTION ( 'NONE',  ( 1.196361017915039732E-16, 1.000000000000000000, 0.000000000000000000 ) ) ;
#1861 = CARTESIAN_POINT ( 'NONE',  ( -0.002199999999999998398, -0.01299999999999999940, 0.03020000000000000115 ) ) ;
#1862 = VERTEX_POINT ( 'NONE', #1975 ) ;
#1863 = ORIENTED_EDGE ( 'NONE', *, *, #1507, .F. ) ;
#1864 = LINE ( 'NONE', #931, #437 ) ;
#1865 =( LENGTH_UNIT ( ) NAMED_UNIT ( * ) SI_UNIT ( $, .METRE. ) );
#1866 = VERTEX_POINT ( 'NONE', #1808 ) ;
#1867 = CARTESIAN_POINT ( 'NONE',  ( 0.03780000000000000027, -0.005499999999999999681, 0.008750000000000000833 ) ) ;
#1868 = EDGE_CURVE ( 'NONE', #400, #253, #1527, .T. ) ;
#1869 = VECTOR ( 'NONE', #1480, 1.000000000000000000 ) ;
#1870 = DIRECTION ( 'NONE',  ( 1.196361017915039732E-16, 1.000000000000000000, 0.000000000000000000 ) ) ;
#1871 = DIRECTION ( 'NONE',  ( 1.000000000000000000, 0.000000000000000000, 0.000000000000000000 ) ) ;
#1872 = ORIENTED_EDGE ( 'NONE', *, *, #10, .T. ) ;
#1873 = ORIENTED_EDGE ( 'NONE', *, *, #1546, .F. ) ;
#1874 = CARTESIAN_POINT ( 'NONE',  ( 0.03699999999999999817, -0.004499999999999999660, 0.01875000000000000278 ) ) ;
#1875 = AXIS2_PLACEMENT_3D ( 'NONE', #1710, #1393, #1893 ) ;
#1876 =( NAMED_UNIT ( * ) SI_UNIT ( $, .STERADIAN. ) SOLID_ANGLE_UNIT ( ) );
#1877 = ORIENTED_EDGE ( 'NONE', *, *, #826, .F. ) ;
#1878 = EDGE_LOOP ( 'NONE', ( #1902, #1229, #538, #1386, #1984, #8, #772, #1105, #1872, #1445, #130, #191, #1432, #416, #908, #1080 ) ) ;
#1879 = EDGE_CURVE ( 'NONE', #1901, #737, #578, .T. ) ;
#1880 = CARTESIAN_POINT ( 'NONE',  ( 0.03699999999999999817, 0.004499999999999999660, 0.02500000000000000139 ) ) ;
#1881 = DIRECTION ( 'NONE',  ( 1.000000000000000000, 0.000000000000000000, 0.000000000000000000 ) ) ;
#1882 = CARTESIAN_POINT ( 'NONE',  ( -0.03899999999999999994, -0.01099999999999999936, 0.02500000000000000139 ) ) ;
#1883 = ORIENTED_EDGE ( 'NONE', *, *, #170, .F. ) ;
#1884 = LINE ( 'NONE', #1734, #785 ) ;
#1885 = DIRECTION ( 'NONE',  ( 0.000000000000000000, 0.000000000000000000, 1.000000000000000000 ) ) ;
#1886 = AXIS2_PLACEMENT_3D ( 'NONE', #1222, #272, #2001 ) ;
#1887 = DIRECTION ( 'NONE',  ( 0.000000000000000000, 0.000000000000000000, 1.000000000000000000 ) ) ;
#1888 = CIRCLE ( 'NONE', #1436, 0.004000000000000000083 ) ;
#1889 = ORIENTED_EDGE ( 'NONE', *, *, #1085, .F. ) ;
#1890 = VERTEX_POINT ( 'NONE', #588 ) ;
#1891 = VECTOR ( 'NONE', #252, 1.000000000000000000 ) ;
#1892 = CARTESIAN_POINT ( 'NONE',  ( -0.03699999999999999817, 0.004499999999999999660, 0.01875000000000000278 ) ) ;
#1893 = DIRECTION ( 'NONE',  ( 0.000000000000000000, 0.000000000000000000, -1.000000000000000000 ) ) ;
#1894 = CARTESIAN_POINT ( 'NONE',  ( 0.03899999999999999994, 0.006499999999999999702, 0.008750000000000000833 ) ) ;
#1895 = DIRECTION ( 'NONE',  ( 1.000000000000000000, 0.000000000000000000, 0.000000000000000000 ) ) ;
#1896 = AXIS2_PLACEMENT_3D ( 'NONE', #765, #1381, #1998 ) ;
#1897 = LINE ( 'NONE', #29, #278 ) ;
#1898 = CARTESIAN_POINT ( 'NONE',  ( 0.03899999999999999994, 1.836970198721030317E-19, 0.01324999999999999963 ) ) ;
#1899 = AXIS2_PLACEMENT_3D ( 'NONE', #94, #1490, #1175 ) ;
#1900 = EDGE_CURVE ( 'NONE', #392, #486, #147, .T. ) ;
#1901 = VERTEX_POINT ( 'NONE', #290 ) ;
#1902 = ORIENTED_EDGE ( 'NONE', *, *, #1288, .T. ) ;
#1903 = VERTEX_POINT ( 'NONE', #899 ) ;
#1904 = PRESENTATION_STYLE_ASSIGNMENT (( #816 ) ) ;
#1905 = LINE ( 'NONE', #1458, #1151 ) ;
#1906 = LINE ( 'NONE', #1450, #981 ) ;
#1907 = ADVANCED_FACE ( 'NONE', ( #1520 ), #137, .T. ) ;
#1908 = CARTESIAN_POINT ( 'NONE',  ( -0.005000000000000000104, 0.01299999999999999940, 0.03020000000000000115 ) ) ;
#1909 = DIRECTION ( 'NONE',  ( -1.000000000000000000, 0.000000000000000000, 0.000000000000000000 ) ) ;
#1910 = VECTOR ( 'NONE', #1506, 1.000000000000000000 ) ;
#1911 = AXIS2_PLACEMENT_3D ( 'NONE', #757, #1990, #1840 ) ;
#1912 = ORIENTED_EDGE ( 'NONE', *, *, #287, .F. ) ;
#1913 = VERTEX_POINT ( 'NONE', #969 ) ;
#1914 = CARTESIAN_POINT ( 'NONE',  ( -0.01600000000000000033, 0.000000000000000000, 0.01474999999999999922 ) ) ;
#1915 = AXIS2_PLACEMENT_3D ( 'NONE', #1172, #1510, #1162 ) ;
#1916 = DIRECTION ( 'NONE',  ( 1.000000000000000000, 0.000000000000000000, 0.000000000000000000 ) ) ;
#1917 = PLANE ( 'NONE',  #491 ) ;
#1918 = FACE_OUTER_BOUND ( 'NONE', #833, .T. ) ;
#1919 = CARTESIAN_POINT ( 'NONE',  ( 0.02000000000000000042, 0.000000000000000000, 0.01474999999999999922 ) ) ;
#1920 = VECTOR ( 'NONE', #28, 1.000000000000000000 ) ;
#1921 = VERTEX_POINT ( 'NONE', #611 ) ;
#1922 = ORIENTED_EDGE ( 'NONE', *, *, #1331, .T. ) ;
#1923 = ORIENTED_EDGE ( 'NONE', *, *, #1657, .F. ) ;
#1924 = VECTOR ( 'NONE', #1000, 1.000000000000000000 ) ;
#1925 = EDGE_CURVE ( 'NONE', #108, #195, #464, .T. ) ;
#1926 = DIRECTION ( 'NONE',  ( 1.000000000000000000, 0.000000000000000000, 0.000000000000000000 ) ) ;
#1927 = DIRECTION ( 'NONE',  ( 0.000000000000000000, 1.000000000000000000, 0.000000000000000000 ) ) ;
#1928 = CARTESIAN_POINT ( 'NONE',  ( -0.03740000000000000269, 0.004499999999999999660, 0.008750000000000000833 ) ) ;
#1929 = CARTESIAN_POINT ( 'NONE',  ( -0.04100000000000000172, -0.01099999999999999936, 0.02500000000000000139 ) ) ;
#1930 = CARTESIAN_POINT ( 'NONE',  ( 0.000000000000000000, -0.01025000000000000043, 0.004499999999999999660 ) ) ;
#1931 = EDGE_LOOP ( 'NONE', ( #477, #1498, #1181, #1680, #1665, #1873 ) ) ;
#1932 = ORIENTED_EDGE ( 'NONE', *, *, #1535, .T. ) ;
#1933 = AXIS2_PLACEMENT_3D ( 'NONE', #375, #58, #679 ) ;
#1934 = EDGE_CURVE ( 'NONE', #1380, #1199, #937, .T. ) ;
#1935 = DIRECTION ( 'NONE',  ( 0.000000000000000000, -1.000000000000000000, 0.000000000000000000 ) ) ;
#1936 = EDGE_CURVE ( 'NONE', #341, #1854, #1038, .T. ) ;
#1937 = EDGE_CURVE ( 'NONE', #864, #1443, #622, .T. ) ;
#1938 = CARTESIAN_POINT ( 'NONE',  ( -0.03699999999999999817, 0.000000000000000000, 0.02500000000000000139 ) ) ;
#1939 = CYLINDRICAL_SURFACE ( 'NONE', #982, 0.01025000000000000216 ) ;
#1940 = DIRECTION ( 'NONE',  ( -1.000000000000000000, 0.000000000000000000, 0.000000000000000000 ) ) ;
#1941 = FACE_OUTER_BOUND ( 'NONE', #1855, .T. ) ;
#1942 = DIRECTION ( 'NONE',  ( 0.000000000000000000, 1.000000000000000000, 0.000000000000000000 ) ) ;
#1943 = ORIENTED_EDGE ( 'NONE', *, *, #1419, .F. ) ;
#1944 = ORIENTED_EDGE ( 'NONE', *, *, #707, .T. ) ;
#1945 = ADVANCED_FACE ( 'NONE', ( #1437 ), #1413, .T. ) ;
#1946 = DIRECTION ( 'NONE',  ( 0.000000000000000000, -1.000000000000000000, 0.000000000000000000 ) ) ;
#1947 = DIRECTION ( 'NONE',  ( 0.000000000000000000, 0.000000000000000000, 1.000000000000000000 ) ) ;
#1948 = DIRECTION ( 'NONE',  ( 1.196361017915039732E-16, 1.000000000000000000, 0.000000000000000000 ) ) ;
#1949 = CARTESIAN_POINT ( 'NONE',  ( 0.01600000000000000033, 0.01025000000000000043, 0.009624999999999999875 ) ) ;
#1950 = LINE ( 'NONE', #302, #197 ) ;
#1951 = ORIENTED_EDGE ( 'NONE', *, *, #1453, .F. ) ;
#1952 = ORIENTED_EDGE ( 'NONE', *, *, #1535, .F. ) ;
#1953 = DIRECTION ( 'NONE',  ( -1.196361017915039732E-16, -1.000000000000000000, 0.000000000000000000 ) ) ;
#1954 = CARTESIAN_POINT ( 'NONE',  ( 1.734723475976799968E-18, 0.01299999999999999940, 0.03020000000000000115 ) ) ;
#1955 = FACE_BOUND ( 'NONE', #1652, .T. ) ;
#1956 = VECTOR ( 'NONE', #39, 1.000000000000000000 ) ;
#1957 = CYLINDRICAL_SURFACE ( 'NONE', #413, 0.002200000000000000133 ) ;
#1958 = EDGE_LOOP ( 'NONE', ( #1802, #1324, #1008 ) ) ;
#1959 = CARTESIAN_POINT ( 'NONE',  ( -0.03780000000000000027, -0.006499999999999999702, 0.008750000000000000833 ) ) ;
#1960 = ADVANCED_FACE ( 'NONE', ( #166, #1579 ), #209, .T. ) ;
#1961 = ORIENTED_EDGE ( 'NONE', *, *, #781, .T. ) ;
#1962 = EDGE_CURVE ( 'NONE', #181, #1777, #786, .T. ) ;
#1963 = VECTOR ( 'NONE', #1831, 1.000000000000000000 ) ;
#1964 = ORIENTED_EDGE ( 'NONE', *, *, #1362, .F. ) ;
#1965 = PLANE ( 'NONE',  #1915 ) ;
#1966 = AXIS2_PLACEMENT_3D ( 'NONE', #1914, #983, #644 ) ;
#1967 = CARTESIAN_POINT ( 'NONE',  ( 0.03699999999999999817, 0.01025000000000000043, 0.004499999999999999660 ) ) ;
#1968 = DIRECTION ( 'NONE',  ( -2.312964634635739999E-16, -1.000000000000000000, 0.000000000000000000 ) ) ;
#1969 = DIRECTION ( 'NONE',  ( -1.000000000000000000, 0.000000000000000000, 0.000000000000000000 ) ) ;
#1970 = EDGE_CURVE ( 'NONE', #1977, #1901, #643, .T. ) ;
#1971 = ORIENTED_EDGE ( 'NONE', *, *, #1642, .T. ) ;
#1972 = DIRECTION ( 'NONE',  ( 1.196361017915039732E-16, 1.000000000000000000, 0.000000000000000000 ) ) ;
#1973 = ORIENTED_EDGE ( 'NONE', *, *, #1215, .T. ) ;
#1974 = LINE ( 'NONE', #418, #433 ) ;
#1975 = CARTESIAN_POINT ( 'NONE',  ( -0.03899999999999999994, -0.01299999999999999940, 0.000000000000000000 ) ) ;
#1976 = DIRECTION ( 'NONE',  ( 1.196361017915039732E-16, -1.000000000000000000, 0.000000000000000000 ) ) ;
#1977 = VERTEX_POINT ( 'NONE', #344 ) ;
#1978 = CARTESIAN_POINT ( 'NONE',  ( -0.01600000000000000033, 0.01025000000000000043, 0.004499999999999999660 ) ) ;
#1979 = CARTESIAN_POINT ( 'NONE',  ( 0.03899999999999999994, -0.01099999999999999936, 0.02500000000000000139 ) ) ;
#1981 = ADVANCED_FACE ( 'NONE', ( #15 ), #325, .F. ) ;
#1980 = AXIS2_PLACEMENT_3D ( 'NONE', #52, #667, #1111 ) ;
#1982 = CARTESIAN_POINT ( 'NONE',  ( 1.734723475976799968E-18, 0.01299999999999999940, 0.03020000000000000115 ) ) ;
#1983 = DIRECTION ( 'NONE',  ( 0.000000000000000000, 0.000000000000000000, -1.000000000000000000 ) ) ;
#1984 = ORIENTED_EDGE ( 'NONE', *, *, #951, .T. ) ;
#1985 = FACE_OUTER_BOUND ( 'NONE', #1686, .T. ) ;
#1986 = ORIENTED_EDGE ( 'NONE', *, *, #592, .F. ) ;
#1987 = EDGE_CURVE ( 'NONE', #65, #89, #1700, .T. ) ;
#1988 = AXIS2_PLACEMENT_3D ( 'NONE', #1018, #796, #1435 ) ;
#1989 = FACE_OUTER_BOUND ( 'NONE', #563, .T. ) ;
#1990 = DIRECTION ( 'NONE',  ( 0.000000000000000000, 0.000000000000000000, 1.000000000000000000 ) ) ;
#1991 = LINE ( 'NONE', #326, #975 ) ;
#1992 = ADVANCED_FACE ( 'NONE', ( #198 ), #925, .T. ) ;
#1993 = ORIENTED_EDGE ( 'NONE', *, *, #586, .F. ) ;
#1994 = AXIS2_PLACEMENT_3D ( 'NONE', #291, #396, #713 ) ;
#1995 = EDGE_LOOP ( 'NONE', ( #7, #311, #580, #585 ) ) ;
#1996 = LINE ( 'NONE', #617, #638 ) ;
#1997 = ORIENTED_EDGE ( 'NONE', *, *, #1221, .F. ) ;
#1998 = DIRECTION ( 'NONE',  ( 1.000000000000000000, 0.000000000000000000, 0.000000000000000000 ) ) ;
#1999 = AXIS2_PLACEMENT_3D ( 'NONE', #276, #537, #1178 ) ;
#2000 = ADVANCED_FACE ( 'NONE', ( #631 ), #1244, .T. ) ;
#2001 = DIRECTION ( 'NONE',  ( 1.000000000000000000, 0.000000000000000000, 0.000000000000000000 ) ) ;
#2002 = DIRECTION ( 'NONE',  ( -1.000000000000000000, -1.196361017915039732E-16, 0.000000000000000000 ) ) ;
#2003 = ORIENTED_EDGE ( 'NONE', *, *, #1394, .F. ) ;
#2004 = CARTESIAN_POINT ( 'NONE',  ( 0.000000000000000000, -0.01025000000000000043, 0.004499999999999999660 ) ) ;
#2005 = VECTOR ( 'NONE', #938, 1.000000000000000000 ) ;
#2006 = NEXT_ASSEMBLY_USAGE_OCCURRENCE ( 'NAUO1', ' ', ' ', #216, #153, $ ) ;
ENDSEC;
END-ISO-10303-21;
